Date,Demand,price_eur_mwh
2025-01-01,26614.978515625,132.90512084960938
2025-01-02,36897.05078125,140.6024932861328
2025-01-03,38765.703125,133.27113342285156
2025-01-04,33893.81640625,132.5738983154297
2025-01-05,31179.6015625,132.3817596435547
2025-01-06,38762.421875,139.27560424804688
2025-01-07,41207.80859375,138.796630859375
2025-01-08,39423.0859375,136.51515197753906
2025-01-09,39428.78125,144.06068420410156
2025-01-10,39041.05078125,132.5719451904297
2025-01-11,32821.8125,128.51858520507812
2025-01-12,29901.482421875,126.45225524902344
2025-01-13,38577.859375,138.20957946777344
2025-01-14,39598.1875,139.37216186523438
2025-01-15,39642.48046875,143.41819763183594
2025-01-16,39453.93359375,140.8329620361328
2025-01-17,38955.48046875,132.4524383544922
2025-01-18,33054.109375,132.82476806640625
2025-01-19,29781.185546875,133.87721252441406
2025-01-20,38269.83203125,134.51116943359375
2025-01-21,39576.91015625,134.73817443847656
2025-01-22,39642.79296875,133.96151733398438
2025-01-23,39459.90625,139.04208374023438
2025-01-24,38964.9453125,126.395263671875
2025-01-25,33043.609375,127.32927703857422
2025-01-26,29766.259765625,123.6006088256836
2025-01-27,38245.31640625,129.56817626953125
2025-01-28,39555.9453125,130.22183227539062
2025-01-29,39628.10546875,132.56692504882812
2025-01-30,39451.28125,139.87486267089844
2025-01-31,38809.0703125,134.25582885742188
2025-02-01,32956.7109375,121.3255386352539
2025-02-02,29381.12109375,121.69928741455078
2025-02-03,37851.54296875,137.26467895507812
2025-02-04,38904.40234375,138.47738647460938
2025-02-05,38579.4765625,134.26968383789062
2025-02-06,37938.4453125,140.539306640625
2025-02-07,37266.93359375,132.9149932861328
2025-02-08,31590.921875,124.7305908203125
2025-02-09,28209.76953125,130.5919952392578
2025-02-10,36535.28125,141.2647705078125
2025-02-11,37707.12109375,138.49952697753906
2025-02-12,37284.94140625,134.6578826904297
2025-02-13,36809.47265625,140.52711486816406
2025-02-14,36066.7109375,132.1786651611328
2025-02-15,30554.10546875,130.5229949951172
2025-02-16,27377.125,128.7484588623047
2025-02-17,35625.96875,137.2756805419922
2025-02-18,36761.375,140.33554077148438
2025-02-19,36051.54296875,134.5212860107422
2025-02-20,35482.3984375,140.55300903320312
2025-02-21,35027.2265625,136.99578857421875
2025-02-22,30257.513671875,129.7421875
2025-02-23,26991.41015625,129.6904754638672
2025-02-24,34426.85546875,138.8085174560547
2025-02-25,35816.52734375,135.86952209472656
2025-02-26,35223.56640625,133.57803344726562
2025-02-27,34606.1875,141.21212768554688
2025-02-28,34353.05859375,141.98573303222656
2025-03-01,29869.294921875,129.11672973632812
2025-03-02,26733.998046875,126.75741577148438
2025-03-03,33664.9609375,133.72994995117188
2025-03-04,34482.62890625,133.68125915527344
2025-03-05,34328.21875,130.82806396484375
2025-03-06,34030.0703125,138.26991271972656
2025-03-07,33798.59375,136.85784912109375
2025-03-08,29631.861328125,127.97550964355467
2025-03-09,26735.98046875,120.38166046142578
2025-03-10,33657.625,123.28590393066406
2025-03-11,34624.9375,127.0203628540039
2025-03-12,34342.421875,128.60960388183594
2025-03-13,34115.19140625,137.01034545898438
2025-03-14,33833.60546875,139.74832153320312
2025-03-15,29537.076171875,117.38680267333984
2025-03-16,26684.6640625,114.26822662353516
2025-03-17,33574.390625,129.81118774414062
2025-03-18,34522.76953125,131.3180389404297
2025-03-19,34301.7578125,129.18698120117188
2025-03-20,34057.1171875,137.47706604003906
2025-03-21,33795.77734375,137.2247772216797
2025-03-22,29478.546875,117.85179901123048
2025-03-23,26727.515625,111.22216033935548
2025-03-24,33510.34375,128.78453063964844
2025-03-25,34505.37109375,131.26780700683594
2025-03-26,34352.73046875,132.34597778320312
2025-03-27,34078.91796875,144.50283813476562
2025-03-28,33781.30859375,141.2201690673828
2025-03-29,29427.88671875,119.99376678466795
2025-03-30,26763.90234375,121.14124298095705
2025-03-31,33501.18359375,137.47296142578125
2025-04-01,34509.1484375,137.9748992919922
2025-04-02,34372.79296875,138.08790588378906
2025-04-03,34106.59765625,144.58839416503906
2025-04-04,33797.0546875,142.05653381347656
2025-04-05,29443.439453125,133.58544921875
2025-04-06,26796.080078125,130.82728576660156
2025-04-07,33504.63671875,138.23486328125
2025-04-08,34514.11328125,138.90853881835938
2025-04-09,34372.79296875,145.08631896972656
2025-04-10,34091.51953125,138.1509552001953
2025-04-11,33796.85546875,140.588134765625
2025-04-12,29436.177734375,127.46923828125
2025-04-13,26794.08984375,127.33859252929688
2025-04-14,33492.3671875,134.57432556152344
2025-04-15,34515.76953125,137.3720703125
2025-04-16,34359.4921875,140.43052673339844
2025-04-17,34093.296875,142.85189819335938
2025-04-18,33798.93359375,137.93016052246094
2025-04-19,29441.44921875,128.44528198242188
2025-04-20,26788.16015625,127.5407485961914
2025-04-21,33499.16796875,121.7923355102539
2025-04-22,34500.4296875,127.38968658447266
2025-04-23,34361.03515625,132.04432678222656
2025-04-24,34084.7734375,135.80323791503906
2025-04-25,33758.33203125,139.4971466064453
2025-04-26,29417.06640625,120.22956085205078
2025-04-27,26803.423828125,107.68543243408205
2025-04-28,33511.94921875,123.81607818603516
2025-04-29,34509.359375,126.7347412109375
2025-04-30,34348.28125,126.78931427001952
2025-05-01,34079.7578125,133.1979522705078
2025-05-02,33817.42578125,136.71182250976562
2025-05-03,29448.77734375,116.3687515258789
2025-05-04,26817.08203125,107.85508728027344
2025-05-05,33559.875,128.9613494873047
2025-05-06,34545.83203125,132.36790466308594
2025-05-07,34388.21484375,135.74945068359375
2025-05-08,34143.0078125,131.09048461914062
2025-05-09,33838.21875,135.09107971191406
2025-05-10,29468.046875,117.21514892578124
2025-05-11,26824.099609375,106.12935638427734
2025-05-12,33650.04296875,122.2615966796875
2025-05-13,34624.5859375,119.62252807617188
2025-05-14,34432.140625,127.67009735107422
2025-05-15,34165.41796875,128.3676300048828
2025-05-16,33861.74609375,134.0438690185547
2025-05-17,29475.48046875,116.35823059082033
2025-05-18,26833.251953125,105.09510040283205
2025-05-19,33650.51171875,128.3186798095703
2025-05-20,34602.609375,130.47019958496094
2025-05-21,34433.55859375,129.73318481445312
2025-05-22,34165.41796875,130.22361755371094
2025-05-23,33866.0390625,124.50651550292967
2025-05-24,29475.48046875,110.76702880859376
2025-05-25,26839.390625,100.91031646728516
2025-05-26,33637.8203125,121.21829223632812
2025-05-27,34611.72265625,120.99462890625
2025-05-28,34437.8203125,120.41812133789062
2025-05-29,34145.37109375,120.20841979980467
2025-05-30,33819.640625,116.66118621826172
2025-05-31,29376.0078125,108.26444244384766
2025-06-01,26227.51953125,97.4338836669922
2025-06-02,32692.8984375,120.13400268554688
2025-06-03,33604.078125,115.7718505859375
2025-06-04,34096.3359375,121.50382995605467
2025-06-05,33922.08984375,122.33321380615234
2025-06-06,33639.39453125,118.5307159423828
2025-06-07,29557.98828125,106.42025756835938
2025-06-08,26884.09375,95.39010620117188
2025-06-09,33836.8359375,120.41454315185548
2025-06-10,35075.640625,117.31053924560548
2025-06-11,34934.58984375,119.81218719482422
2025-06-12,34631.3125,120.76162719726562
2025-06-13,34142.61328125,119.31832885742188
2025-06-14,29564.408203125,110.60748291015624
2025-06-15,26866.28515625,97.12550354003906
2025-06-16,33999.46875,122.2562255859375
2025-06-17,35257.765625,118.7227020263672
2025-06-18,34956.14453125,122.14325714111328
2025-06-19,34648.17578125,123.3163070678711
2025-06-20,34204.95703125,120.57423400878906
2025-06-21,29677.51953125,110.17991638183594
2025-06-22,26851.9921875,100.87223052978516
2025-06-23,34013.8515625,120.90521240234376
2025-06-24,35284.171875,118.96151733398438
2025-06-25,34995.3515625,122.0447006225586
2025-06-26,34685.234375,123.5784149169922
2025-06-27,34234.86328125,120.73283386230467
2025-06-28,29679.927734375,112.45746612548828
2025-06-29,26847.76953125,101.55461883544922
2025-06-30,34004.81640625,115.81134033203124
2025-07-01,35245.88671875,116.53292846679688
2025-07-02,34941.30859375,122.7782745361328
2025-07-03,34712.33203125,124.23916625976562
2025-07-04,34240.828125,122.7938461303711
2025-07-05,29691.265625,113.31640625
2025-07-06,26866.333984375,105.82241821289062
2025-07-07,33978.62890625,115.36769104003906
2025-07-08,35290.078125,116.43363189697266
2025-07-09,34972.90625,122.66141510009766
2025-07-10,34624.1875,123.4037094116211
2025-07-11,34237.7421875,121.23468017578124
2025-07-12,29699.24609375,114.1361083984375
2025-07-13,26846.974609375,106.53050994873048
2025-07-14,33947.32421875,121.00917053222656
2025-07-15,35211.2890625,118.28890228271484
2025-07-16,34929.66015625,121.2917022705078
2025-07-17,34590.27734375,122.79851531982422
2025-07-18,34211.02734375,120.09837341308594
2025-07-19,29698.4609375,111.8420181274414
2025-07-20,26861.505859375,103.45586395263672
2025-07-21,33918.96875,122.06531524658205
2025-07-22,35228.53515625,119.07207489013672
2025-07-23,34952.6328125,122.0881118774414
2025-07-24,34622.8671875,123.6913070678711
2025-07-25,34205.89453125,120.9611587524414
2025-07-26,29700.9296875,112.93865966796876
2025-07-27,26848.15234375,106.11534118652344
2025-07-28,33913.71875,120.9220199584961
2025-07-29,35217.62109375,118.52565002441406
2025-07-30,34946.09765625,121.64044952392578
2025-07-31,34618.578125,123.28636932373048
2025-08-01,34181.140625,120.3707046508789
2025-08-02,29628.92578125,113.86319732666016
2025-08-03,26770.98828125,107.10731506347656
2025-08-04,33638.703125,120.5306625366211
2025-08-05,34600.32421875,117.59783172607422
2025-08-06,34469.3828125,120.56231689453124
2025-08-07,34261.9609375,122.77349090576172
2025-08-08,34102.33984375,120.05506134033205
2025-08-09,29661.32421875,112.65284729003906
2025-08-10,26815.12109375,109.76250457763672
2025-08-11,33674.31640625,122.56615447998048
2025-08-12,34662.8515625,118.55615234375
2025-08-13,34550.80078125,122.03089141845705
2025-08-14,34315.55078125,122.78006744384766
2025-08-15,34121.7421875,120.63394927978516
2025-08-16,29696.59375,114.15601348876952
2025-08-17,26893.951171875,109.29187774658205
2025-08-18,33784.75390625,121.1122817993164
2025-08-19,34873.3671875,117.19913482666016
2025-08-20,34774.46484375,121.8271484375
2025-08-21,34459.4296875,125.11555480957033
2025-08-22,34220.90625,124.1136703491211
2025-08-23,29799.044921875,117.24769592285156
2025-08-24,27024.755859375,109.7680206298828
2025-08-25,33825.7734375,125.2651824951172
2025-08-26,35002.40625,130.1614227294922
2025-08-27,34845.11328125,140.06077575683594
2025-08-28,34491.6015625,147.2457275390625
2025-08-29,34259.79296875,141.59719848632812
2025-08-30,29757.09765625,131.28643798828125
2025-08-31,26893.814453125,118.07456970214844
2025-09-01,33735.4609375,137.59327697753906
2025-09-02,34783.87109375,135.7827911376953
2025-09-03,34701.87109375,143.30987548828125
2025-09-04,34346.08203125,144.09474182128906
2025-09-05,34218.53515625,144.54522705078125
2025-09-06,29757.064453125,134.72059631347656
2025-09-07,26865.046875,130.46224975585938
2025-09-08,33767.50390625,141.43276977539062
2025-09-09,34826.984375,141.55665588378906
2025-09-10,34708.1484375,154.0325469970703
2025-09-11,34348.234375,152.3623809814453
2025-09-12,34201.25390625,153.3842315673828
2025-09-13,29751.275390625,145.20603942871094
2025-09-14,26857.275390625,144.6073760986328
2025-09-15,33744.9453125,144.79617309570312
2025-09-16,34804.04296875,140.92166137695312
2025-09-17,34650.5078125,152.40182495117188
2025-09-18,34327.421875,150.99818420410156
2025-09-19,34175.296875,147.12840270996094
2025-09-20,29689.83203125,140.32525634765625
2025-09-21,26836.986328125,140.27130126953125
2025-09-22,33720.03515625,142.17391967773438
2025-09-23,34775.421875,141.54965209960938
2025-09-24,34633.79296875,150.9731903076172
2025-09-25,34316.56640625,152.68331909179688
2025-09-26,34152.0390625,152.5738983154297
2025-09-27,29692.494140625,143.6790008544922
2025-09-28,26844.453125,138.25845336914062
2025-09-29,33733.87109375,147.07867431640625
2025-09-30,34779.51953125,139.6880340576172
2025-10-01,34633.79296875,154.94293212890625
2025-10-02,34328.44140625,154.29576110839844
2025-10-03,34163.9140625,151.50979614257812
2025-10-04,29691.9765625,141.79660034179688
2025-10-05,26844.453125,139.80665588378906
2025-10-06,33733.87109375,147.47085571289062
2025-10-07,34779.51953125,143.18406677246094
2025-10-08,34633.79296875,150.29312133789062
2025-10-09,34319.55078125,147.55645751953125
2025-10-10,34166.8984375,143.39987182617188
2025-10-11,29694.9609375,138.13356018066406
2025-10-12,26847.4375,135.95249938964844
2025-10-13,33733.87109375,144.26620483398438
2025-10-14,34782.50390625,143.60643005371094
2025-10-15,34636.77734375,150.18267822265625
2025-10-16,34331.42578125,151.5323028564453
2025-10-17,34166.58203125,147.65896606445312
2025-10-18,29697.458984375,140.97866821289062
2025-10-19,26847.4375,137.78851318359375
2025-10-20,33742.23046875,140.97705078125
2025-10-21,34779.703125,141.7691192626953
2025-10-22,34636.77734375,145.6962432861328
2025-10-23,34331.42578125,147.10276794433594
2025-10-24,34166.58203125,141.56356811523438
2025-10-25,29697.458984375,135.3628387451172
2025-10-26,26852.1796875,130.60598754882812
2025-10-27,33620.4765625,147.4265594482422
2025-10-28,34681.3125,139.16123962402344
2025-10-29,34534.53515625,148.6871337890625
2025-10-30,34159.28515625,145.99668884277344
2025-10-31,33285.171875,143.34678649902344
2025-11-01,28687.91796875,137.93873596191406
2025-11-02,25953.708984375,138.9792938232422
2025-11-03,33718.41015625,150.6398468017578
2025-11-04,34861.60546875,158.3386993408203
2025-11-05,34675.30078125,166.63299560546875
2025-11-06,34105.546875,160.5774383544922
2025-11-07,33598.015625,163.2260284423828
2025-11-08,29020.6171875,153.68734741210938
2025-11-09,26481.853515625,162.20556640625
2025-11-10,33809.61328125,158.62350463867188
2025-11-11,35007.828125,170.40170288085938
2025-11-12,34735.68359375,173.3485870361328
2025-11-13,34168.9609375,177.55380249023438
2025-11-14,33718.2890625,175.55189514160156
2025-11-15,29292.712890625,169.21630859375
2025-11-16,26772.54296875,168.05950927734375
2025-11-17,33958.47265625,177.7967987060547
2025-11-18,35168.36328125,179.86964416503906
2025-11-19,34851.9296875,184.0664520263672
2025-11-20,34365.60546875,189.29931640625
2025-11-21,33868.0703125,182.75552368164065
2025-11-22,29403.81640625,179.38198852539062
2025-11-23,26876.966796875,182.45787048339844
2025-11-24,33965.9453125,185.2718963623047
2025-11-25,35167.2734375,182.8163146972656
2025-11-26,34856.515625,190.3208770751953
2025-11-27,34452.38671875,191.05685424804688
2025-11-28,33923.4296875,184.53709411621097
2025-11-29,29502.919921875,179.945068359375
2025-11-30,26901.865234375,183.10125732421875
2025-12-01,33810.01953125,190.17755126953125
2025-12-02,34763.28125,185.4508514404297
2025-12-03,34226.578125,187.6415100097656
2025-12-04,33607.421875,187.79791259765625
2025-12-05,33126.828125,181.63455200195312
2025-12-06,29151.4609375,182.83338928222656
2025-12-07,26476.244140625,177.55557250976562
2025-12-08,32597.5,189.2999725341797
2025-12-09,33111.3515625,186.7496795654297
2025-12-10,33991.40625,191.5764923095703
2025-12-11,33616.515625,185.2626953125
2025-12-12,33253.68359375,183.34051513671875
2025-12-13,29340.931640625,182.8799285888672
2025-12-14,27274.595703125,178.41070556640625
2025-12-15,33649.26171875,191.1778259277344
2025-12-16,34258.54296875,185.4796600341797
2025-12-17,33997.2109375,185.88302612304688
2025-12-18,33459.06640625,189.77847290039065
2025-12-19,33079.90234375,183.98220825195312
2025-12-20,28946.404296875,182.7513732910156
2025-12-21,27081.337890625,179.87818908691406
2025-12-22,32933.36328125,190.4735870361328
2025-12-23,32256.322265625,180.0081329345703
2025-12-24,30028.271484375,189.78285217285156
2025-12-25,29669.84765625,180.97084045410156
2025-12-26,29441.998046875,187.98696899414065
2025-12-27,26828.244140625,180.300048828125
2025-12-28,24942.037109375,185.2587890625
2025-12-29,28599.201171875,182.9734039306641
2025-12-30,28633.55078125,181.0453186035156
2025-12-31,30669.857421875,192.4754943847656
2026-01-01,31383.26953125,181.1837921142578
2026-01-02,30679.537109375,177.41616821289062
2026-01-03,28009.583984375,177.73040771484375
2026-01-04,25685.951171875,174.15585327148438
2026-01-05,30788.193359375,180.3817138671875
2026-01-06,31570.01171875,177.60731506347656
2026-01-07,31960.634765625,181.76345825195312
2026-01-08,32574.48828125,185.69923400878903
2026-01-09,32997.76953125,181.4030303955078
2026-01-10,28995.2734375,176.3454132080078
2026-01-11,27514.595703125,172.24281311035156
2026-01-12,33862.1328125,177.36181640625
2026-01-13,34995.734375,179.4719696044922
2026-01-14,34557.97265625,180.39662170410156
2026-01-15,34288.04296875,184.81597900390625
2026-01-16,34177.02734375,181.4933624267578
2026-01-17,29648.1484375,175.41566467285156
2026-01-18,27305.962890625,172.93435668945312
2026-01-19,33850.33203125,179.74412536621094
2026-01-20,34925.953125,183.3889923095703
2026-01-21,34722.0859375,181.8721160888672
2026-01-22,34412.6015625,185.72738647460935
2026-01-23,34276.33203125,183.75294494628903
2026-01-24,29805.400390625,174.59510803222656
2026-01-25,27234.390625,169.39471435546875
2026-01-26,33807.078125,172.6500244140625
2026-01-27,34742.12890625,172.76853942871094
2026-01-28,34782.02734375,172.15260314941406
2026-01-29,34607.95703125,175.26048278808594
2026-01-30,34285.6640625,168.7772979736328
2026-01-31,29776.263671875,161.52711486816406
2026-02-01,27031.3359375,158.51605224609375
2026-02-02,33807.24609375,173.40846252441406
2026-02-03,34751.09765625,168.1378173828125
2026-02-04,34630.80078125,172.5322265625
2026-02-05,34289.03515625,173.6149444580078
2026-02-06,34097.44140625,173.7137451171875
2026-02-07,29618.08203125,166.97073364257812
2026-02-08,26906.197265625,159.61448669433594
2026-02-09,33630.54296875,172.1439666748047
2026-02-10,34593.11328125,170.46844482421875
2026-02-11,34410.51171875,172.11102294921875
2026-02-12,34149.3046875,173.99603271484375
2026-02-13,33919.546875,172.97686767578125
2026-02-14,29557.09765625,161.17042541503906
2026-02-15,26846.703125,160.82078552246094
2026-02-16,33607.56640625,172.4398651123047
2026-02-17,34545.765625,168.28086853027344
2026-02-18,34417.4453125,172.22293090820312
2026-02-19,34146.73046875,173.0857391357422
2026-02-20,33830.5234375,172.29025268554688
2026-02-21,29522.93359375,159.3541259765625
2026-02-22,26816.927734375,160.01776123046875
2026-02-23,33608.94140625,173.6041717529297
2026-02-24,34558.22265625,177.84423828125
2026-02-25,34417.4453125,178.09286499023438
2026-02-26,34158.60546875,181.0235290527344
2026-02-27,33866.671875,179.59341430664062
2026-02-28,29513.017578125,169.01718139648438
2026-03-01,26806.431640625,160.39022827148438
2026-03-02,33608.94140625,178.41526794433594
2026-03-03,34555.2734375,189.9517364501953
2026-03-04,34417.4453125,182.79010009765625
2026-03-05,34156.4140625,190.36143493652344
2026-03-06,33852.640625,184.03807067871097
2026-03-07,29523.33984375,174.82192993164062
2026-03-08,26797.8828125,170.76795959472656
2026-03-09,33613.73046875,181.11439514160156
2026-03-10,34593.58203125,186.48971557617188
2026-03-11,34428.25390625,179.80599975585938
2026-03-12,34151.98828125,186.1985321044922
2026-03-13,33850.6640625,182.0061492919922
2026-03-14,29514.392578125,172.71412658691406
2026-03-15,26808.857421875,160.33941650390625
2026-03-16,33606.40625,179.18173217773438
2026-03-17,34536.4453125,189.4007110595703
2026-03-18,34428.25390625,180.60105895996097
2026-03-19,34168.9921875,186.6913604736328
2026-03-20,33850.6640625,181.73272705078125
2026-03-21,29508.6953125,172.9514617919922
2026-03-22,26791.6171875,162.0083465576172
2026-03-23,33602.21875,179.6520538330078
2026-03-24,34537.82421875,187.0711212158203
2026-03-25,34418.875,180.7010040283203
2026-03-26,34142.609375,187.0795440673828
2026-03-27,33822.359375,181.1750640869141
2026-03-28,29496.76953125,177.8872528076172
2026-03-29,26781.26171875,172.0880584716797
2026-03-30,33600.390625,179.16810607910156
2026-03-31,34537.82421875,189.44805908203125
2026-04-01,34418.875,181.4882354736328
2026-04-02,34161.8046875,183.86737060546875
2026-04-03,33850.26953125,182.54298400878903
2026-04-04,29467.28125,173.6730194091797
2026-04-05,26760.12109375,171.8164825439453
2026-04-06,33614.75,177.9925994873047
2026-04-07,34582.43359375,178.10052490234375
2026-04-08,34405.06640625,183.0978851318359
2026-04-09,34144.80078125,181.0855255126953
2026-04-10,33818.34765625,183.37107849121097
2026-04-11,29441.134765625,171.2018280029297
2026-04-12,26758.130859375,159.29669189453125
2026-04-13,33578.921875,169.7655487060547
2026-04-14,34532.21484375,175.64430236816406
2026-04-15,34401.88671875,171.6629638671875
2026-04-16,34145.4375,172.3124237060547
2026-04-17,33831.6171875,170.3499298095703
2026-04-18,29452.580078125,157.7085418701172
2026-04-19,26756.931640625,157.1208953857422
2026-04-20,33602.84765625,164.32647705078125
2026-04-21,34532.21484375,162.42259216308594
2026-04-22,34401.88671875,159.88619995117188
2026-04-23,34145.4375,158.99468994140625
2026-04-24,33823.60546875,158.65003967285156
2026-04-25,29433.46875,145.32476806640625
2026-04-26,26761.490234375,137.02178955078125
2026-04-27,33623.11328125,155.7751007080078
2026-04-28,34575.10546875,148.57223510742188
2026-04-29,34403.3046875,148.70851135253906
2026-04-30,34112.33984375,143.5330352783203
2026-05-01,33818.58984375,143.32073974609375
2026-05-02,29462.212890625,133.99569702148438
2026-05-03,26780.11328125,133.982421875
2026-05-04,33650.71875,151.44334411621094
2026-05-05,34612.609375,141.7702178955078
2026-05-06,34434.046875,142.51870727539062
2026-05-07,34143.171875,140.87680053710938
2026-05-08,33836.01171875,136.40553283691406
2026-05-09,29367.7890625,125.51790618896484
2026-05-10,26740.8125,115.46734619140624
2026-05-11,33657.4765625,137.91412353515625
2026-05-12,34589.109375,135.73385620117188
2026-05-13,34416.05078125,135.9854278564453
2026-05-14,34146.3125,135.66259765625
2026-05-15,33815.0859375,135.60044860839844
2026-05-16,29326.447265625,116.98101043701172
2026-05-17,26750.533203125,112.6250457763672
2026-05-18,33648.27734375,136.474853515625
2026-05-19,34593.16015625,139.78883361816406
2026-05-20,34414.51953125,142.41183471679688
2026-05-21,34148.46875,142.62648010253906
2026-05-22,33848.26953125,138.751953125
2026-05-23,29311.748046875,125.73990631103516
2026-05-24,26754.501953125,123.19576263427734
2026-05-25,33640.16015625,138.54441833496094
2026-05-26,34594.703125,134.81842041015625
2026-05-27,34416.5,139.39031982421875
2026-05-28,34133.4453125,140.1724090576172
2026-05-29,33787.61328125,140.17640686035156
2026-05-30,29263.57421875,127.70572662353516
2026-05-31,26692.349609375,124.9917449951172
2026-06-01,32790.40234375,136.3495635986328
2026-06-02,33230.90234375,128.4029541015625
2026-06-03,33378.59765625,139.9064483642578
2026-06-04,33658.59375,141.70603942871094
2026-06-05,33285.421875,140.32415771484375
2026-06-06,29241.4453125,128.41392517089844
2026-06-07,27232.1015625,123.65923309326172
2026-06-08,33644.84375,133.10671997070312
2026-06-09,34429.390625,135.5457305908203
2026-06-10,34433.51953125,138.4332275390625
2026-06-11,34317.65625,138.57235717773438
2026-06-12,34181.15234375,137.5099334716797
2026-06-13,29780.27734375,126.70252990722656
2026-06-14,27071.7265625,125.09253692626952
2026-06-15,34104.125,128.60316467285156
2026-06-16,35313.73828125,136.8541259765625
2026-06-17,35040.83984375,142.03968811035156
2026-06-18,34713.828125,143.3192138671875
2026-06-19,34277.5625,141.49676513671875
2026-06-20,29725.517578125,128.12644958496094
2026-06-21,26916.703125,124.6091766357422
2026-06-22,34066.58984375,129.1209259033203
2026-06-23,35247.359375,134.73255920410156
2026-06-24,34971.94921875,137.7595977783203
2026-06-25,34691.8828125,140.50436401367188
2026-06-26,34286.87109375,139.60389709472656
2026-06-27,29722.9609375,127.63116455078124
2026-06-28,26906.935546875,124.56761169433594
2026-06-29,34029.92578125,133.34657287597656
2026-06-30,35285.94140625,130.7622528076172
2026-07-01,34963.4609375,141.9732208251953
2026-07-02,34716.4609375,140.8029022216797
2026-07-03,34308.109375,140.37059020996094
2026-07-04,29737.302734375,127.97026824951172
2026-07-05,26899.998046875,125.14847564697266
2026-07-06,34021.484375,131.33535766601562
2026-07-07,35250.45703125,135.97764587402344
2026-07-08,34977.46875,138.59429931640625
2026-07-09,34685.22265625,141.04823303222656
2026-07-10,34261.953125,140.10572814941406
2026-07-11,29718.15234375,128.08926391601562
2026-07-12,26858.14453125,125.1041030883789
2026-07-13,33937.58984375,133.37986755371094
2026-07-14,35254.87890625,133.81265258789062
2026-07-15,34931.84375,139.8927459716797
2026-07-16,34610.42578125,139.81475830078125
2026-07-17,34215.45703125,138.66165161132812
2026-07-18,29705.525390625,127.35094451904295
2026-07-19,26847.142578125,124.49739074707033
2026-07-20,33910.2890625,128.12559509277344
2026-07-21,35226.98828125,130.05477905273438
2026-07-22,34951.08984375,141.12884521484375
2026-07-23,34630.82421875,140.74710083007812
2026-07-24,34206.734375,141.93142700195312
2026-07-25,29700.9296875,128.77134704589844
2026-07-26,26847.142578125,124.82999420166016
2026-07-27,33909.34765625,133.01260375976562
2026-07-28,35217.62109375,136.62109375
2026-07-29,34944.5546875,138.30067443847656
2026-07-30,34620.76171875,139.63751220703125
2026-07-31,34201.6015625,139.00978088378906
2026-08-01,29693.673828125,127.33502960205078
2026-08-02,26848.021484375,124.54900360107422
2026-08-03,33632.70703125,127.31797790527344
2026-08-04,34591.1171875,136.42886352539062
2026-08-05,34473.0078125,140.12741088867188
2026-08-06,34256.69140625,139.80104064941406
2026-08-07,34126.35546875,141.05581665039062
2026-08-08,29769.890625,128.24624633789062
2026-08-09,26914.58203125,125.47376251220705
2026-08-10,33700.07421875,135.26475524902344
2026-08-11,34694.390625,138.4116973876953
2026-08-12,34521.1171875,138.3505859375
2026-08-13,34326.40234375,139.54989624023438
2026-08-14,34146.765625,138.77658081054688
2026-08-15,29790.0859375,127.51406860351562
2026-08-16,27057.919921875,125.1990737915039
2026-08-17,33816.58984375,135.12864685058594
2026-08-18,34889.30859375,132.7972869873047
2026-08-19,34813.51953125,136.77015686035156
2026-08-20,34481.234375,138.85470581054688
2026-08-21,34223.890625,142.04037475585938
2026-08-22,29798.208984375,127.7175750732422
2026-08-23,27044.2109375,126.07652282714844
2026-08-24,33823.2734375,141.1230010986328
2026-08-25,34987.17578125,127.97689819335938
2026-08-26,34831.00390625,146.28524780273438
2026-08-27,34491.6015625,145.76113891601562
2026-08-28,34259.79296875,145.69142150878906
2026-08-29,29777.30859375,133.5867919921875
2026-08-30,26928.158203125,129.9464874267578
2026-08-31,33738.80859375,134.74769592285156
2026-09-01,34802.6171875,137.0618896484375
2026-09-02,34694.640625,139.64060974121094
2026-09-03,34350.1796875,144.47369384765625
2026-09-04,34218.53515625,143.34982299804688
2026-09-05,29764.1640625,127.775390625
2026-09-06,26869.4375,125.95828247070312
2026-09-07,33756.55859375,128.39122009277344
2026-09-08,34829.3828125,139.7458953857422
2026-09-09,34693.23046875,144.49488830566406
2026-09-10,34348.234375,145.86294555664062
2026-09-11,34214.14453125,146.22764587402344
2026-09-12,29751.275390625,129.6863250732422
2026-09-13,26862.92578125,127.1931610107422
2026-09-14,33740.68359375,137.61251831054688
2026-09-15,34821.37109375,138.03839111328125
2026-09-16,34672.0078125,144.08352661132812
2026-09-17,34346.078125,144.41061401367188
2026-09-18,34163.421875,142.52806091308594
2026-09-19,29689.83203125,128.82774353027344
2026-09-20,26807.978515625,123.80824279785156
2026-09-21,33708.75390625,140.1195526123047
2026-09-22,34775.421875,140.8466033935547
2026-09-23,34629.6953125,143.12527465820312
2026-09-24,34312.46875,143.1870880126953
2026-09-25,34144.76171875,145.6186981201172
2026-09-26,29595.87109375,130.392333984375
2026-09-27,26770.83984375,125.75193786621094
2026-09-28,33739.79296875,141.0426788330078
2026-09-29,34782.59765625,141.86094665527344
2026-09-30,34634.4296875,144.95846557617188
2026-10-01,34329.078125,146.77383422851562
2026-10-02,34161.0546875,148.68421936035156
2026-10-03,29671.765625,135.60826110839844
2026-10-04,26770.83984375,133.8063201904297
2026-10-05,33735.05859375,140.14749145507812
2026-10-06,34772.62109375,141.74609375
2026-10-07,34629.6953125,147.2820281982422
2026-10-08,34312.46875,151.7475128173828
2026-10-09,34159.3046875,147.3798065185547
2026-10-10,29674.75,140.7508544921875
2026-10-11,26773.82421875,134.35110473632812
2026-10-12,33729.7734375,141.84344482421875
2026-10-13,34778.40625,139.64962768554688
2026-10-14,34632.6796875,150.06747436523438
2026-10-15,34315.453125,150.89295959472656
2026-10-16,34159.3046875,147.7165985107422
2026-10-17,29677.248046875,139.8905487060547
2026-10-18,26773.82421875,134.3348388671875
2026-10-19,33738.1328125,143.2970428466797
2026-10-20,34777.1484375,137.31460571289062
2026-10-21,34632.6796875,146.7255096435547
2026-10-22,34327.328125,145.9517059326172
2026-10-23,34159.3046875,142.56272888183594
2026-10-24,29677.248046875,130.65321350097656
2026-10-25,26778.56640625,130.46823120117188
2026-10-26,33700.95703125,140.90420532226562
2026-10-27,34710.5234375,136.0572052001953
2026-10-28,34509.0078125,138.01116943359375
2026-10-29,34261.76171875,139.92269897460938
2026-10-30,33997.07421875,138.9412841796875
2026-10-31,29098.50390625,125.34667205810548
2026-11-01,26044.048828125,123.1840591430664
2026-11-02,33008.8671875,140.75839233398438
2026-11-03,34670.05078125,143.25230407714844
2026-11-04,34479.42578125,155.89710998535156
2026-11-05,34121.7109375,152.2812957763672
2026-11-06,33608.71875,159.92111206054688
2026-11-07,29190.51953125,149.1036376953125
2026-11-08,26508.615234375,151.3801727294922
2026-11-09,33741.01171875,158.88499450683594
2026-11-10,34905.38671875,162.932861328125
2026-11-11,34750.59375,166.03781127929688
2026-11-12,34194.9453125,167.53131103515625
2026-11-13,33831.94140625,164.678466796875
2026-11-14,29375.5546875,158.03305053710938
2026-11-15,26805.443359375,164.19871520996094
2026-11-16,33992.921875,168.63388061523438
2026-11-17,35192.2421875,168.9420623779297
2026-11-18,34833.30078125,177.04832458496094
2026-11-19,34355.1796875,181.35484313964844
2026-11-20,33890.765625,176.09568786621094
2026-11-21,29473.23828125,175.89779663085938
2026-11-22,26854.78125,172.6924285888672
2026-11-23,33987.81640625,176.2212371826172
2026-11-24,35168.58203125,189.7507476806641
2026-11-25,34841.59765625,188.17855834960935
2026-11-26,34354.89453125,188.81674194335935
2026-11-27,33875.00390625,184.0624542236328
2026-11-28,29502.291015625,181.70037841796875
2026-11-29,26858.294921875,180.59280395507812
2026-11-30,33859.546875,189.48614501953125
2026-12-01,34975.328125,177.2279510498047
2026-12-02,34449.79296875,199.7974395751953
2026-12-03,33724.515625,187.63308715820312
2026-12-04,33158.84375,184.4024200439453
2026-12-05,29298.005859375,180.89122009277344
2026-12-06,26822.693359375,185.1613616943359
2026-12-07,32684.294921875,183.9461975097656
2026-12-08,32918.91796875,180.88040161132812
2026-12-09,32643.484375,200.79148864746097
2026-12-10,33410.80859375,189.8609161376953
2026-12-11,33104.53125,184.85427856445312
2026-12-12,29393.998046875,185.72479248046875
2026-12-13,27617.990234375,181.61167907714844
2026-12-14,33717.43359375,192.9807586669922
2026-12-15,34417.16015625,186.63946533203125
2026-12-16,33857.05078125,187.47296142578125
2026-12-17,33409.234375,185.81951904296875
2026-12-18,32989.00390625,183.38832092285156
2026-12-19,29066.412109375,183.9292755126953
2026-12-20,27229.904296875,178.30059814453125
2026-12-21,33408.71484375,190.57711791992188
2026-12-22,33523.64453125,179.4225311279297
2026-12-23,31630.52734375,191.93893432617188
2026-12-24,29744.87890625,182.3026428222656
2026-12-25,29293.884765625,179.29306030273438
2026-12-26,26688.01171875,187.4286193847656
2026-12-27,24850.12109375,178.12725830078125
2026-12-28,29969.52734375,188.76995849609375
2026-12-29,30009.4609375,178.91297912597656
2026-12-30,30666.6328125,193.5012359619141
2026-12-31,30998.65625,183.9426422119141
2027-01-01,30335.828125,178.4058837890625
2027-01-02,27839.501953125,174.25189208984375
2027-01-03,25599.419921875,174.3414306640625
2027-01-04,30613.482421875,178.66004943847656
2027-01-05,31825.822265625,176.66317749023438
2027-01-06,31602.01953125,181.48001098632812
2027-01-07,32074.5546875,185.978271484375
2027-01-08,32554.041015625,183.94940185546875
2027-01-09,28491.28515625,174.99575805664062
2027-01-10,26831.03515625,171.32968139648438
2027-01-11,33358.44140625,176.98060607910156
2027-01-12,33831.49609375,180.24755859375
2027-01-13,34444.671875,180.6630401611328
2027-01-14,33967.26953125,184.81597900390625
2027-01-15,33637.62890625,181.892822265625
2027-01-16,29165.615234375,175.2981719970703
2027-01-17,27233.78515625,172.93435668945312
2027-01-18,33690.9609375,176.60292053222656
2027-01-19,34592.83203125,182.1083068847656
2027-01-20,34519.3046875,181.22669982910156
2027-01-21,34288.25390625,184.6965179443359
2027-01-22,34139.5625,183.7523651123047
2027-01-23,29503.357421875,178.07077026367188
2027-01-24,27113.3984375,169.97254943847656
2027-01-25,33860.88671875,175.97027587890625
2027-01-26,34874.7578125,174.99696350097656
2027-01-27,34800.03515625,174.6258544921875
2027-01-28,34505.703125,177.5000762939453
2027-01-29,34243.90234375,176.27651977539062
2027-01-30,29683.232421875,171.55447387695312
2027-01-31,27037.353515625,153.9128875732422
2027-02-01,33792.3828125,171.81153869628906
2027-02-02,34752.2578125,169.580078125
2027-02-03,34652.6015625,172.00987243652344
2027-02-04,34302.6875,173.04486083984375
2027-02-05,34108.48046875,173.19813537597656
2027-02-06,29613.056640625,160.28147888183594
2027-02-07,26887.205078125,160.28436279296875
2027-02-08,33705.359375,173.51824951171875
2027-02-09,34608.265625,169.5555419921875
2027-02-10,34420.5,174.04754638671875
2027-02-11,34185.0,174.31520080566406
2027-02-12,33989.48046875,173.468994140625
2027-02-13,29569.05078125,167.5388641357422
2027-02-14,26910.1015625,159.5106658935547
2027-02-15,33626.63671875,170.6724853515625
2027-02-16,34597.4375,169.1677703857422
2027-02-17,34418.0234375,171.11920166015625
2027-02-18,34160.328125,172.87901306152344
2027-02-19,33885.59765625,172.1573028564453
2027-02-20,29533.21484375,160.64251708984375
2027-02-21,26836.896484375,159.32083129882812
2027-02-22,33614.04296875,173.7806854248047
2027-02-23,34585.26953125,170.22610473632812
2027-02-24,34417.4453125,180.5618896484375
2027-02-25,34146.73046875,180.0068359375
2027-02-26,33833.30859375,180.45004272460935
2027-02-27,29516.962890625,171.0316619873047
2027-02-28,26813.802734375,158.86558532714844
2027-03-01,33607.64453125,177.7407989501953
2027-03-02,34542.8515625,180.04762268066406
2027-03-03,34415.25390625,189.56211853027344
2027-03-04,34156.4140625,186.376953125
2027-03-05,33859.43359375,185.5003662109375
2027-03-06,29523.33984375,173.7275390625
2027-03-07,26799.298828125,171.5167694091797
2027-03-08,33611.99609375,181.0334014892578
2027-03-09,34551.1640625,187.7984619140625
2027-03-10,34413.3359375,176.86148071289062
2027-03-11,34151.98828125,186.1493225097656
2027-03-12,33846.65234375,181.98814392089844
2027-03-13,29523.134765625,172.60971069335938
2027-03-14,26789.875,160.62872314453125
2027-03-15,33613.73046875,179.2312469482422
2027-03-16,34593.58203125,187.40036010742188
2027-03-17,34428.25390625,180.6314392089844
2027-03-18,34151.98828125,187.93211364746097
2027-03-19,33850.6640625,181.5221710205078
2027-03-20,29514.392578125,173.64056396484375
2027-03-21,26803.16015625,171.36949157714844
2027-03-22,33594.89453125,182.731689453125
2027-03-23,34527.125,183.60687255859375
2027-03-24,34418.875,180.67935180664065
2027-03-25,34142.609375,185.5801544189453
2027-03-26,33822.359375,182.07582092285156
2027-03-27,29496.76953125,173.8889923095703
2027-03-28,26789.791015625,171.03436279296875
2027-03-29,33600.390625,179.150146484375
2027-03-30,34537.82421875,189.71778869628903
2027-03-31,34418.875,181.4270172119141
2027-04-01,34161.8046875,184.3890838623047
2027-04-02,33850.26953125,181.8665771484375
2027-04-03,29467.28125,173.6297607421875
2027-04-04,26760.12109375,171.12437438964844
2027-04-05,33617.47265625,178.78750610351562
2027-04-06,34582.43359375,181.27511596679688
2027-04-07,34405.06640625,179.77108764648438
2027-04-08,34159.61328125,185.32888793945312
2027-04-09,33841.28515625,178.22695922851562
2027-04-10,29467.28125,173.98861694335938
2027-04-11,26760.12109375,169.3452911376953
2027-04-12,33588.578125,170.9742431640625
2027-04-13,34542.09375,178.7469940185547
2027-04-14,34401.88671875,183.16925048828125
2027-04-15,34128.43359375,181.56455993652344
2027-04-16,33817.359375,179.78237915039062
2027-04-17,29439.14453125,174.96575927734375
2027-04-18,26756.931640625,170.6117401123047
2027-04-19,33604.25,174.33123779296875
2027-04-20,34532.21484375,179.92884826660156
2027-04-21,34401.88671875,183.67762756347656
2027-04-22,34145.4375,181.20066833496097
2027-04-23,33835.62890625,179.92013549804688
2027-04-24,29458.541015625,174.71859741210938
2027-04-25,26761.490234375,169.07583618164062
2027-04-26,33565.37109375,172.28085327148438
2027-04-27,34532.6875,173.9528045654297
2027-04-28,34417.11328125,181.66148376464844
2027-04-29,34149.59375,181.0308380126953
2027-04-30,33819.7890625,184.10206604003903
2027-05-01,29435.46484375,170.32167053222656
2027-05-02,26780.11328125,157.373291015625
2027-05-03,33645.53515625,168.28260803222656
2027-05-04,34612.609375,168.0293426513672
2027-05-05,34420.23828125,171.05258178710938
2027-05-06,34134.28125,172.2174530029297
2027-05-07,33811.34375,168.92251586914062
2027-05-08,29344.609375,159.5553741455078
2027-05-09,26721.15625,145.74880981445312
2027-05-10,33654.6953125,156.6314697265625
2027-05-11,34586.53515625,154.87890625
2027-05-12,34410.8203125,156.88966369628906
2027-05-13,34144.76953125,150.94554138183594
2027-05-14,33825.64453125,148.2602996826172
2027-05-15,29339.8828125,136.22000122070312
2027-05-16,26750.533203125,130.34596252441406
2027-05-17,33650.86328125,155.68661499023438
2027-05-18,34593.16015625,143.31565856933594
2027-05-19,34414.51953125,147.3600311279297
2027-05-20,34148.46875,145.73049926757812
2027-05-21,33842.99609375,144.61965942382812
2027-05-22,29352.59375,135.0420684814453
2027-05-23,26750.533203125,126.74561309814452
2027-05-24,33640.16015625,148.0384063720703
2027-05-25,34593.16015625,138.6375274658203
2027-05-26,34414.51953125,142.27195739746094
2027-05-27,34150.44921875,140.7030792236328
2027-05-28,33828.56640625,136.20594787597656
2027-05-29,29317.85546875,123.98406219482422
2027-05-30,26742.599609375,118.6836395263672
2027-05-31,33516.3828125,138.22677612304688
2027-06-01,33753.56640625,140.4868621826172
2027-06-02,33282.88671875,136.8200225830078
2027-06-03,33083.671875,140.4552001953125
2027-06-04,33119.66796875,139.10214233398438
2027-06-05,29153.724609375,126.57955169677734
2027-06-06,27309.484375,123.34951782226562
2027-06-07,33601.7421875,138.03550720214844
2027-06-08,34369.171875,133.9562530517578
2027-06-09,34229.83203125,140.23809814453125
2027-06-10,34129.87109375,137.8665313720703
2027-06-11,33944.43359375,138.27333068847656
2027-06-12,29604.23828125,124.10808563232422
2027-06-13,27141.990234375,121.59273529052734
2027-06-14,34064.203125,135.36184692382812
2027-06-15,35323.08203125,130.3287811279297
2027-06-16,35067.45703125,141.83872985839844
2027-06-17,34708.37109375,143.63636779785156
2027-06-18,34174.7109375,142.51751708984375
2027-06-19,29666.33984375,127.23139190673828
2027-06-20,26893.138671875,124.92881774902344
2027-06-21,34029.671875,136.54632568359375
2027-06-22,35247.359375,132.1440887451172
2027-06-23,34978.8046875,140.14480590820312
2027-06-24,34674.74609375,140.47496032714844
2027-06-25,34300.52734375,139.31614685058594
2027-06-26,29722.9609375,128.38536071777344
2027-06-27,26906.935546875,124.91385650634766
2027-06-28,34026.43359375,136.1938018798828
2027-06-29,35285.94140625,132.62095642089844
2027-06-30,35000.703125,137.71803283691406
2027-07-01,34726.71875,140.98580932617188
2027-07-02,34303.5625,142.59954833984375
2027-07-03,29724.0,128.3977813720703
2027-07-04,26904.015625,125.14847564697266
2027-07-05,34029.7890625,132.98741149902344
2027-07-06,35240.67578125,127.22195434570312
2027-07-07,34985.98828125,140.38052368164062
2027-07-08,34689.73046875,141.27545166015625
2027-07-09,34270.2421875,140.15347290039062
2027-07-10,29718.15234375,128.08926391601562
2027-07-11,26855.8359375,124.979736328125
2027-07-12,33949.55078125,128.02561950683594
2027-07-13,35260.5859375,133.49468994140625
2027-07-14,34933.38671875,137.25497436523438
2027-07-15,34610.42578125,139.3321075439453
2027-07-16,34204.9140625,138.66165161132812
2027-07-17,29698.794921875,127.35094451904295
2027-07-18,26847.142578125,124.02887725830078
2027-07-19,33926.5546875,133.03347778320312
2027-07-20,35240.87890625,130.78414916992188
2027-07-21,34951.08984375,143.69566345214844
2027-07-22,34630.82421875,140.23504638671875
2027-07-23,34210.4609375,141.93142700195312
2027-07-24,29705.525390625,128.86134338378906
2027-07-25,26847.142578125,124.82999420166016
2027-07-26,33894.82421875,127.70852661132812
2027-07-27,35217.48828125,134.8455352783203
2027-07-28,34944.5546875,141.07557678222656
2027-07-29,34620.76171875,140.1000213623047
2027-07-30,34201.6015625,139.2548065185547
2027-07-31,29700.9296875,127.41081237792967
2027-08-01,26848.021484375,124.63612365722656
2027-08-02,33747.2578125,132.67222595214844
2027-08-03,34626.625,129.89727783203125
2027-08-04,34468.72265625,140.34678649902344
2027-08-05,34264.109375,139.1140594482422
2027-08-06,34127.87109375,141.07797241210938
2027-08-07,29771.142578125,128.00540161132812
2027-08-08,26913.796875,126.02550506591795
2027-08-09,33685.0390625,127.11066436767578
2027-08-10,34697.87890625,134.10752868652344
2027-08-11,34521.1171875,139.10891723632812
2027-08-12,34326.40234375,142.82492065429688
2027-08-13,34146.765625,138.77658081054688
2027-08-14,29790.0859375,127.51406860351562
2027-08-15,27054.716796875,125.38699340820312
2027-08-16,33788.07421875,134.28195190429688
2027-08-17,34849.8046875,129.4279022216797
2027-08-18,34692.34765625,138.94305419921875
2027-08-19,34333.2421875,138.2879180908203
2027-08-20,34205.84765625,140.38963317871094
2027-08-21,29905.11328125,127.7175750732422
2027-08-22,27094.318359375,125.36214447021484
2027-08-23,33827.6484375,132.20382690429688
2027-08-24,35012.640625,137.13723754882812
2027-08-25,34861.8984375,144.70091247558594
2027-08-26,34615.3359375,147.6746826171875
2027-08-27,34309.1171875,141.88404846191406
2027-08-28,29770.046875,133.85781860351562
2027-08-29,26897.83984375,129.9464874267578
2027-08-30,33756.76953125,137.3788604736328
2027-08-31,34784.48828125,138.1365203857422
2027-09-01,34684.20703125,141.424072265625
2027-09-02,34378.76953125,144.77162170410156
2027-09-03,34219.2578125,143.83651733398438
2027-09-04,29764.1640625,127.65288543701172
2027-09-05,26872.486328125,127.42064666748048
2027-09-06,33760.94921875,135.78724670410156
2027-09-07,34830.92578125,137.25723266601562
2027-09-08,34695.62890625,141.40060424804688
2027-09-09,34348.234375,146.49386596679688
2027-09-10,34214.14453125,144.07362365722656
2027-09-11,29752.673828125,131.72430419921875
2027-09-12,26862.92578125,126.7308349609375
2027-09-13,33740.68359375,139.97552490234375
2027-09-14,34821.37109375,141.32337951660156
2027-09-15,34685.23828125,143.77243041992188
2027-09-16,34321.13671875,145.22903442382812
2027-09-17,34174.98046875,144.00538635253906
2027-09-18,29693.841796875,129.16583251953125
2027-09-19,26836.986328125,124.09597778320312
2027-09-20,33701.296875,135.6537322998047
2027-09-21,34774.3046875,137.09800720214844
2027-09-22,34633.79296875,142.5206298828125
2027-09-23,34311.7265625,146.0193634033203
2027-09-24,34152.0390625,144.33131408691406
2027-09-25,29693.953125,130.392333984375
2027-09-26,26844.453125,125.0850601196289
2027-09-27,33733.87109375,143.4669952392578
2027-09-28,34779.51953125,143.47169494628906
2027-09-29,34633.79296875,145.71859741210938
2027-09-30,34328.44140625,152.26649475097656
2027-10-01,34163.59765625,148.10061645507812
2027-10-02,29691.9765625,137.0659942626953
2027-10-03,26844.453125,138.54586791992188
2027-10-04,33733.87109375,141.1168212890625
2027-10-05,34779.51953125,142.01593017578125
2027-10-06,34633.79296875,153.57601928710938
2027-10-07,34316.56640625,155.06910705566406
2027-10-08,34163.59765625,149.60789489746094
2027-10-09,29694.9609375,139.62677001953125
2027-10-10,26847.4375,136.4049072265625
2027-10-11,33733.87109375,142.8298797607422
2027-10-12,34782.50390625,140.23306274414062
2027-10-13,34636.77734375,149.3059539794922
2027-10-14,34319.55078125,149.57135009765625
2027-10-15,34166.58203125,146.8814697265625
2027-10-16,29694.9609375,140.13299560546875
2027-10-17,26847.4375,138.1669921875
2027-10-18,33742.23046875,144.72462463378906
2027-10-19,34779.703125,138.95887756347656
2027-10-20,34636.77734375,146.34814453125
2027-10-21,34331.42578125,147.9308319091797
2027-10-22,34166.58203125,142.60765075683594
2027-10-23,29697.458984375,135.08953857421875
2027-10-24,26852.1796875,134.11590576171875
2027-10-25,33705.0546875,138.31846618652344
2027-10-26,34784.046875,136.95208740234375
2027-10-27,34599.2578125,148.32937622070312
2027-10-28,34293.90625,145.7089385986328
2027-10-29,34099.25390625,143.1440887451172
2027-10-30,29543.697265625,137.02197265625
2027-10-31,26217.447265625,132.0000457763672
2027-11-01,32409.71484375,148.16085815429688
2027-11-02,33552.19921875,144.5938720703125
2027-11-03,34076.640625,155.52511596679688
2027-11-04,33832.3828125,166.43292236328125
2027-11-05,33399.14453125,159.06178283691406
2027-11-06,29533.376953125,159.01791381835938
2027-11-07,26799.34765625,155.14141845703125
2027-11-08,33737.47265625,161.69090270996094
2027-11-09,34813.55859375,157.07937622070312
2027-11-10,34640.49609375,173.41195678710938
2027-11-11,34252.15234375,177.0351104736328
2027-11-12,33981.53125,173.73178100585938
2027-11-13,29611.255859375,166.25564575195312
2027-11-14,26879.806640625,158.06936645507812
2027-11-15,34031.98046875,175.7626190185547
2027-11-16,35193.71484375,180.5360870361328
2027-11-17,34866.2890625,184.71383666992188
2027-11-18,34508.81640625,177.5055694580078
2027-11-19,33979.75,182.06478881835935
2027-11-20,29513.08203125,179.45761108398438
2027-11-21,26867.484375,182.8910369873047
2027-11-22,33990.5390625,180.92445373535156
2027-11-23,35156.046875,187.1100311279297
2027-11-24,34845.75390625,192.8111572265625
2027-11-25,34354.89453125,192.6291961669922
2027-11-26,33930.79296875,183.33102416992188
2027-11-27,29527.365234375,179.09536743164062
2027-11-28,26872.03515625,182.60069274902344
2027-11-29,33907.55859375,189.86260986328125
2027-11-30,35075.93359375,182.23580932617188
2027-12-01,34772.1328125,190.50149536132812
2027-12-02,34049.390625,190.8096160888672
2027-12-03,33352.88671875,186.20216369628903
2027-12-04,29265.0390625,179.6197509765625
2027-12-05,26789.46484375,184.47525024414065
2027-12-06,33423.35546875,188.5787048339844
2027-12-07,33357.10546875,179.62094116210938
2027-12-08,32494.154296875,194.0032958984375
2027-12-09,32207.28125,189.70262145996097
2027-12-10,33046.30859375,181.84947204589844
2027-12-11,29460.529296875,182.46371459960935
2027-12-12,27707.904296875,177.86976623535156
2027-12-13,33936.2734375,195.80545043945312
2027-12-14,34684.453125,187.17181396484375
2027-12-15,34009.8125,186.45266723632812
2027-12-16,33637.66796875,189.0407257080078
2027-12-17,33276.28515625,183.95526123046875
2027-12-18,29323.439453125,182.40139770507812
2027-12-19,27326.890625,180.706298828125
2027-12-20,33466.23046875,191.2707366943359
2027-12-21,34330.015625,182.17481994628903
2027-12-22,33185.6875,188.06581115722656
2027-12-23,31119.92578125,185.4126434326172
2027-12-24,29153.279296875,179.4532012939453
2027-12-25,26394.974609375,186.45021057128903
2027-12-26,24246.75,177.6416473388672
2027-12-27,30730.427734375,187.4132843017578
2027-12-28,30906.6640625,178.46307373046875
2027-12-29,30341.599609375,190.751953125
2027-12-30,30498.767578125,186.1763458251953
2027-12-31,29847.080078125,183.2450408935547
2028-01-01,27512.091796875,174.6266632080078
2028-01-02,24682.185546875,172.27780151367188
2028-01-03,29771.017578125,170.96058654785156
2028-01-04,31056.994140625,172.20912170410156
2028-01-05,31305.064453125,174.51370239257812
2028-01-06,31292.849609375,185.7867889404297
2028-01-07,31276.8125,183.83377075195312
2028-01-08,28032.861328125,177.38381958007812
2028-01-09,25702.1796875,172.33096313476562
2028-01-10,31544.1953125,178.20252990722656
2028-01-11,32590.111328125,182.0177764892578
2028-01-12,32840.0625,178.6207275390625
2028-01-13,33516.5703125,184.96006774902344
2028-01-14,33659.65234375,181.892822265625
2028-01-15,29187.927734375,175.6271514892578
2028-01-16,26985.95703125,172.81686401367188
2028-01-17,34151.9296875,176.60292053222656
2028-01-18,34568.7734375,179.5934295654297
2028-01-19,34448.15625,183.0004425048828
2028-01-20,34321.828125,185.08197021484375
2028-01-21,34034.60546875,183.7523651123047
2028-01-22,29425.068359375,178.9154052734375
2028-01-23,27128.533203125,173.38099670410156
2028-01-24,33814.8125,183.11666870117188
2028-01-25,34828.70703125,178.90017700195312
2028-01-26,34755.64453125,175.32931518554688
2028-01-27,34350.51171875,177.5000762939453
2028-01-28,34184.4765625,176.1558074951172
2028-01-29,29733.873046875,170.4171600341797
2028-01-30,27115.822265625,157.06964111328125
2028-01-31,33825.57421875,173.94613647460938
2028-02-01,34858.23046875,167.59185791015625
2028-02-02,34797.1015625,171.986572265625
2028-02-03,34455.10546875,173.9241943359375
2028-02-04,34192.53125,171.87843322753906
2028-02-05,29788.697265625,160.28147888183594
2028-02-06,27132.830078125,159.81735229492188
2028-02-07,33806.47265625,172.37611389160156
2028-02-08,34738.16796875,169.98126220703125
2028-02-09,34568.74609375,173.8710479736328
2028-02-10,34142.44921875,175.03533935546875
2028-02-11,33826.61328125,173.790283203125
2028-02-12,29577.572265625,167.68051147460938
2028-02-13,26916.962890625,160.25955200195312
2028-02-14,33609.7421875,172.4080352783203
2028-02-15,34554.90234375,169.0467987060547
2028-02-16,34416.75,171.5430450439453
2028-02-17,34161.6484375,172.7423858642578
2028-02-18,33865.78515625,171.78707885742188
2028-02-19,29532.984375,160.64251708984375
2028-02-20,26839.05859375,159.236083984375
2028-02-21,33621.3671875,173.32363891601562
2028-02-22,34599.98828125,170.47035217285156
2028-02-23,34417.4453125,171.21389770507812
2028-02-24,34146.73046875,180.43911743164065
2028-02-25,33838.76171875,179.95266723632812
2028-02-26,29525.30078125,171.59141540527344
2028-02-27,26817.82421875,159.38404846191406
2028-02-28,33611.27734375,178.21951293945312
2028-02-29,34542.8515625,179.94630432128906
2028-03-01,34417.4453125,177.8165283203125
2028-03-02,34142.109375,194.6891937255859
2028-03-03,33836.5703125,185.85806274414065
2028-03-04,29519.330078125,175.0885467529297
2028-03-05,26799.298828125,171.49127197265625
2028-03-06,33611.6640625,182.06268310546875
2028-03-07,34553.35546875,184.228759765625
2028-03-08,34413.3359375,179.26046752929688
2028-03-09,34152.3046875,186.5857391357422
2028-03-10,33844.39453125,181.15663146972656
2028-03-11,29523.134765625,176.18612670898438
2028-03-12,26828.634765625,169.5746612548828
2028-03-13,33613.73046875,180.0897979736328
2028-03-14,34593.58203125,188.76124572753903
2028-03-15,34428.25390625,180.60105895996097
2028-03-16,34168.9921875,187.93211364746097
2028-03-17,33850.6640625,183.41493225097656
2028-03-18,29514.392578125,172.79209899902344
2028-03-19,26815.607421875,162.20457458496094
2028-03-20,33606.40625,179.2288055419922
2028-03-21,34524.93359375,187.0711212158203
2028-03-22,34416.265625,180.67935180664065
2028-03-23,34142.609375,185.5934600830078
2028-03-24,33822.359375,181.04098510742188
2028-03-25,29496.76953125,177.8872528076172
2028-03-26,26789.791015625,171.67481994628906
2028-03-27,33600.390625,178.6738739013672
2028-03-28,34537.82421875,189.71778869628903
2028-03-29,34418.875,181.66697692871097
2028-03-30,34161.8046875,184.4342041015625
2028-03-31,33850.26953125,182.2090606689453
2028-04-01,29478.5546875,173.6297607421875
2028-04-02,26786.009765625,171.06497192382812
2028-04-03,33600.390625,178.78750610351562
2028-04-04,34540.015625,181.85340881347656
2028-04-05,34418.875,182.3937835693359
2028-04-06,34161.8046875,181.2479248046875
2028-04-07,33841.28515625,178.22695922851562
2028-04-08,29467.28125,173.98861694335938
2028-04-09,26760.12109375,169.3452911376953
2028-04-10,33606.5078125,170.949462890625
2028-04-11,34542.09375,173.83985900878906
2028-04-12,34420.953125,183.35260009765625
2028-04-13,34131.5,181.6028594970703
2028-04-14,33820.42578125,179.78237915039062
2028-04-15,29452.580078125,174.96575927734375
2028-04-16,26756.931640625,170.67877197265625
2028-04-17,33604.25,174.33123779296875
2028-04-18,34530.0234375,185.9109649658203
2028-04-19,34401.88671875,178.22286987304688
2028-04-20,34143.24609375,185.4147491455078
2028-04-21,33830.35546875,179.91123962402344
2028-04-22,29452.580078125,174.6515655517578
2028-04-23,26773.8515625,169.2019500732422
2028-04-24,33548.2890625,172.27049255371094
2028-04-25,34473.54296875,173.9855194091797
2028-04-26,34374.71875,181.1922607421875
2028-04-27,34099.37890625,181.0308380126953
2028-04-28,33801.1328125,184.10206604003903
2028-04-29,29416.677734375,172.25502014160156
2028-04-30,26738.478515625,159.79217529296875
2028-05-01,33582.91015625,173.1061553955078
2028-05-02,34533.8984375,174.84962463378906
2028-05-03,34390.12109375,182.4288024902344
2028-05-04,34108.41796875,181.8811187744141
2028-05-05,33805.171875,179.77313232421875
2028-05-06,29448.294921875,174.994384765625
2028-05-07,26789.8828125,168.32421875
2028-05-08,33653.21484375,174.71412658691406
2028-05-09,34622.01171875,179.24905395507812
2028-05-10,34430.59765625,181.8241271972656
2028-05-11,34160.17578125,179.25030517578125
2028-05-12,33868.29296875,183.79258728027344
2028-05-13,29375.708984375,170.86590576171875
2028-05-14,26766.8359375,157.24757385253906
2028-05-15,33643.91796875,171.07589721679688
2028-05-16,34594.19140625,165.9159393310547
2028-05-17,34418.20703125,169.99241638183594
2028-05-18,34151.53515625,173.62786865234375
2028-05-19,33837.078125,171.08106994628906
2028-05-20,29355.560546875,156.5067901611328
2028-05-21,26750.533203125,144.98178100585938
2028-05-22,33650.86328125,156.86607360839844
2028-05-23,34593.16015625,156.980712890625
2028-05-24,34414.51953125,157.31130981445312
2028-05-25,34148.46875,158.6514434814453
2028-05-26,33828.56640625,151.3275604248047
2028-05-27,29339.8828125,135.71055603027344
2028-05-28,26742.599609375,135.33941650390625
2028-05-29,33622.21484375,151.1429901123047
2028-05-30,34456.1484375,146.5143585205078
2028-05-31,34127.29296875,144.0409698486328
2028-06-01,33173.53125,147.885986328125
2028-06-02,32959.74609375,143.4259490966797
2028-06-03,29225.029296875,137.06471252441406
2028-06-04,27119.3984375,130.5184326171875
2028-06-05,33905.453125,148.8763885498047
2028-06-06,35130.546875,139.2098846435547
2028-06-07,34861.3359375,138.82774353027344
2028-06-08,34659.28515625,140.02084350585938
2028-06-09,34235.96875,134.4188232421875
2028-06-10,29664.763671875,122.48072814941406
2028-06-11,26939.404296875,116.30567932128906
2028-06-12,34006.26171875,137.4698944091797
2028-06-13,35234.78125,139.09878540039062
2028-06-14,34990.61328125,141.91351318359375
2028-06-15,34681.15625,141.36260986328125
2028-06-16,34310.34375,129.57261657714844
2028-06-17,29727.880859375,118.87158203125
2028-06-18,26907.07421875,113.2302474975586
2028-06-19,34033.74609375,137.08297729492188
2028-06-20,35289.12890625,138.53880310058594
2028-06-21,35005.140625,140.07479858398438
2028-06-22,34701.22265625,141.65162658691406
2028-06-23,34292.03125,134.1829376220703
2028-06-24,29729.359375,119.0199203491211
2028-06-25,26910.060546875,114.30387878417967
2028-06-26,34034.2421875,131.60316467285156
2028-06-27,35241.5859375,138.4203643798828
2028-06-28,34976.38671875,140.05816650390625
2028-06-29,34698.59765625,141.63941955566406
2028-06-30,34283.6171875,131.5537567138672
2028-07-01,29723.271484375,121.45960235595705
2028-07-02,26893.19140625,118.24031066894533
2028-07-03,34005.32421875,134.25791931152344
2028-07-04,35298.4375,141.9285888671875
2028-07-05,35006.2421875,144.3341064453125
2028-07-06,34665.4375,140.9955596923828
2028-07-07,34267.18359375,137.94398498535156
2028-07-08,29707.412109375,130.60606384277344
2028-07-09,26855.8359375,126.74525451660156
2028-07-10,33957.0,128.9333038330078
2028-07-11,35238.37109375,135.36073303222656
2028-07-12,34936.91015625,140.57846069335938
2028-07-13,34610.42578125,141.00157165527344
2028-07-14,34223.28125,142.28746032714844
2028-07-15,29693.693359375,128.39019775390625
2028-07-16,26840.412109375,125.6651840209961
2028-07-17,33937.33984375,133.0701446533203
2028-07-18,35239.3359375,138.35997009277344
2028-07-19,34951.08984375,138.26837158203125
2028-07-20,34630.82421875,140.47567749023438
2028-07-21,34251.62109375,139.7024688720703
2028-07-22,29705.525390625,127.79052734375
2028-07-23,26847.142578125,125.6721649169922
2028-07-24,33894.82421875,128.03765869140625
2028-07-25,35246.88671875,137.51187133789062
2028-07-26,34966.1171875,140.9834747314453
2028-07-27,34652.99609375,140.43280029296875
2028-07-28,34247.421875,139.56744384765625
2028-07-29,29700.9296875,127.3428726196289
2028-07-30,26847.142578125,124.62519073486328
2028-07-31,33908.25,128.94888305664062
2028-08-01,35119.66015625,134.10267639160156
2028-08-02,34693.29296875,137.4984130859375
2028-08-03,34233.53125,139.69393920898438
2028-08-04,34056.75,138.59010314941406
2028-08-05,29676.994140625,128.0275115966797
2028-08-06,26785.326171875,125.23285675048828
2028-08-07,33615.46484375,131.83164978027344
2028-08-08,34584.30078125,124.96891021728516
2028-08-09,34510.6015625,142.28147888183594
2028-08-10,34325.0859375,140.5192108154297
2028-08-11,34075.85546875,141.96775817871094
2028-08-12,29686.830078125,127.255126953125
2028-08-13,26859.439453125,124.85794830322266
2028-08-14,33702.6328125,132.4947509765625
2028-08-15,34696.07421875,137.80780029296875
2028-08-16,34562.734375,136.5043182373047
2028-08-17,34336.9296875,138.62069702148438
2028-08-18,34153.09765625,137.8816375732422
2028-08-19,29784.82421875,127.6028823852539
2028-08-20,27087.150390625,125.58417510986328
2028-08-21,33859.8359375,128.10789489746094
2028-08-22,35084.90625,139.90501403808594
2028-08-23,34906.90234375,145.0130157470703
2028-08-24,34621.01171875,143.88587951660156
2028-08-25,34255.4921875,146.71224975585938
2028-08-26,29757.09765625,130.21969604492188
2028-08-27,26897.83984375,130.9993438720703
2028-08-28,33766.62109375,137.3788604736328
2028-08-29,34798.2265625,137.53819274902344
2028-08-30,34679.48046875,141.27272033691406
2028-08-31,34381.58984375,145.85006713867188
2028-09-01,34191.484375,143.19178771972656
2028-09-02,29764.1640625,130.5765380859375
2028-09-03,26877.291015625,127.58586120605467
2028-09-04,33769.30859375,136.98655700683594
2028-09-05,34825.296875,137.25723266601562
2028-09-06,34710.546875,141.49636840820312
2028-09-07,34348.234375,143.8676300048828
2028-09-08,34214.14453125,146.5572967529297
2028-09-09,29752.673828125,129.02737426757812
2028-09-10,26865.046875,126.53515625
2028-09-11,33744.9453125,139.51318359375
2028-09-12,34821.37109375,141.32337951660156
2028-09-13,34685.23828125,143.2603759765625
2028-09-14,34342.62109375,146.7361297607422
2028-09-15,34192.84375,143.12249755859375
2028-09-16,29735.55078125,129.89361572265625
2028-09-17,26836.986328125,124.4502944946289
2028-09-18,33711.1015625,135.6537322998047
2028-09-19,34774.3046875,135.73448181152344
2028-09-20,34631.1328125,140.3542938232422
2028-09-21,34298.19921875,146.0418243408203
2028-09-22,34153.5,144.58688354492188
2028-09-23,29693.953125,130.60487365722656
2028-09-24,26844.453125,125.67681121826172
2028-09-25,33724.1328125,143.00885009765625
2028-09-26,34779.51953125,143.47169494628906
2028-09-27,34633.79296875,144.22657775878906
2028-09-28,34328.44140625,152.45953369140625
2028-09-29,34163.59765625,148.09458923339844
2028-09-30,29691.9765625,137.9177703857422
2028-10-01,26844.453125,140.00360107421875
2028-10-02,33733.87109375,145.4652557373047
2028-10-03,34779.51953125,140.465087890625
2028-10-04,34633.79296875,154.00033569335938
2028-10-05,34316.56640625,155.06910705566406
2028-10-06,34163.9140625,152.68533325195312
2028-10-07,29691.9765625,141.89976501464844
2028-10-08,26847.4375,136.1990509033203
2028-10-09,33733.87109375,142.6894073486328
2028-10-10,34782.50390625,140.23306274414062
2028-10-11,34636.77734375,149.1844940185547
2028-10-12,34319.55078125,149.57135009765625
2028-10-13,34166.58203125,145.75567626953125
2028-10-14,29694.9609375,138.86387634277344
2028-10-15,26847.4375,137.64901733398438
2028-10-16,33733.87109375,144.72462463378906
2028-10-17,34782.50390625,139.96263122558594
2028-10-18,34636.77734375,150.1208038330078
2028-10-19,34331.42578125,147.32644653320312
2028-10-20,34166.58203125,145.12686157226562
2028-10-21,29697.458984375,135.8153839111328
2028-10-22,26852.1796875,134.11590576171875
2028-10-23,33705.0546875,139.4710693359375
2028-10-24,34784.046875,135.00120544433594
2028-10-25,34634.14453125,143.0516815185547
2028-10-26,34293.90625,149.02662658691406
2028-10-27,34131.6953125,142.90945434570312
2028-10-28,29586.05859375,137.02197265625
2028-10-29,26681.826171875,132.0000457763672
2028-10-30,32769.0546875,147.3971710205078
2028-10-31,33294.1875,139.10842895507812
2028-11-01,33555.19140625,153.18743896484375
2028-11-02,33717.484375,155.2505645751953
2028-11-03,33376.87890625,164.50184631347656
2028-11-04,29567.548828125,152.7025604248047
2028-11-05,27203.767578125,153.09783935546875
2028-11-06,33635.93359375,160.79537963867188
2028-11-07,34395.1796875,153.64166259765625
2028-11-08,34299.38671875,173.41195678710938
2028-11-09,34170.77734375,176.47886657714844
2028-11-10,33939.7265625,173.76602172851562
2028-11-11,29731.63671875,164.05984497070312
2028-11-12,27049.1171875,157.48963928222656
2028-11-13,34066.03125,173.0359649658203
2028-11-14,35216.5078125,172.49835205078125
2028-11-15,34882.078125,180.79388427734375
2028-11-16,34505.33203125,186.3022003173828
2028-11-17,33923.06640625,173.07412719726562
2028-11-18,29607.419921875,171.33607482910156
2028-11-19,26897.9375,167.96507263183594
2028-11-20,33984.83203125,180.63462829589844
2028-11-21,35158.0,189.53460693359375
2028-11-22,34845.75390625,187.61355590820312
2028-11-23,34371.1875,190.8705596923828
2028-11-24,33875.6484375,188.31900024414065
2028-11-25,29637.23046875,181.2740936279297
2028-11-26,26900.908203125,179.70326232910156
2028-11-27,33956.08203125,196.1573944091797
2028-11-28,35130.69921875,179.55560302734375
2028-11-29,34724.89453125,198.0524444580078
2028-11-30,34130.6484375,192.1770477294922
2028-12-01,33489.22265625,182.77392578125
2028-12-02,29580.05078125,181.14491271972656
2028-12-03,26821.966796875,182.9191436767578
2028-12-04,33650.8515625,186.5115509033203
2028-12-05,34278.47265625,182.7942352294922
2028-12-06,32806.36328125,186.63992309570312
2028-12-07,31989.279296875,185.4017333984375
2028-12-08,32182.216796875,182.9119415283203
2028-12-09,28982.796875,182.46371459960935
2028-12-10,27622.541015625,177.00885009765625
2028-12-11,34059.6875,197.98255920410156
2028-12-12,34858.6328125,187.68878173828125
2028-12-13,34285.12890625,186.228759765625
2028-12-14,33695.55078125,188.0575408935547
2028-12-15,33371.96875,184.15728759765625
2028-12-16,29318.236328125,183.01889038085935
2028-12-17,27254.6640625,178.45237731933594
2028-12-18,33857.2109375,191.6356658935547
2028-12-19,34771.1484375,182.39968872070312
2028-12-20,34009.796875,188.06581115722656
2028-12-21,32583.42578125,187.0023498535156
2028-12-22,30648.21875,183.02862548828125
2028-12-23,26932.85546875,179.6298065185547
2028-12-24,24573.533203125,181.9467315673828
2028-12-25,29598.25,181.76705932617188
2028-12-26,31394.017578125,177.9813232421875
2028-12-27,31156.865234375,191.044677734375
2028-12-28,30445.1953125,183.62722778320312
2028-12-29,30456.6015625,184.08787536621097
2028-12-30,27090.25390625,183.12318420410156
2028-12-31,24319.646484375,179.57191467285156
2029-01-01,29875.01953125,178.22096252441406
2029-01-02,31177.646484375,173.20431518554688
2029-01-03,31286.15625,174.26605224609375
2029-01-04,31463.0390625,184.8426513671875
2029-01-05,31408.978515625,181.4914703369141
2029-01-06,27515.666015625,177.9647674560547
2029-01-07,25093.58984375,174.2263641357422
2029-01-08,31129.884765625,182.64370727539065
2029-01-09,32376.197265625,179.70068359375
2029-01-10,32764.33203125,179.88259887695312
2029-01-11,33042.92578125,184.96006774902344
2029-01-12,33525.37890625,182.0369110107422
2029-01-13,29113.40234375,175.771240234375
2029-01-14,26959.353515625,172.21678161621094
2029-01-15,34014.5546875,177.05303955078125
2029-01-16,34593.43359375,178.85818481445312
2029-01-17,34255.12890625,180.03952026367188
2029-01-18,34182.01953125,184.7977294921875
2029-01-19,34024.81640625,183.5513458251953
2029-01-20,29344.66796875,177.39366149902344
2029-01-21,27147.33984375,175.1075897216797
2029-01-22,33841.30859375,185.4010467529297
2029-01-23,34955.73046875,182.8621826171875
2029-01-24,34887.05859375,178.84884643554688
2029-01-25,34565.44140625,183.3479766845703
2029-01-26,34158.41015625,175.0565948486328
2029-01-27,29574.21875,171.22732543945312
2029-01-28,27058.525390625,157.35450744628906
2029-01-29,33802.91796875,178.36097717285156
2029-01-30,34805.4609375,175.44256591796875
2029-01-31,34724.78125,166.73863220214844
2029-02-01,34362.18359375,173.39634704589844
2029-02-02,34128.93359375,172.49806213378906
2029-02-03,29468.455078125,163.1536102294922
2029-02-04,26944.3828125,160.11595153808594
2029-02-05,33705.0703125,172.5399169921875
2029-02-06,34588.4140625,168.9077911376953
2029-02-07,34542.73046875,174.3372039794922
2029-02-08,34256.171875,174.0198211669922
2029-02-09,33886.1796875,174.5259552001953
2029-02-10,29498.689453125,168.49142456054688
2029-02-11,26890.314453125,159.60897827148438
2029-02-12,33635.1015625,172.22784423828125
2029-02-13,34597.3203125,169.10145568847656
2029-02-14,34414.50390625,171.34451293945312
2029-02-15,34160.28515625,173.1343994140625
2029-02-16,33852.0,172.09463500976562
2029-02-17,29530.65625,160.72476196289062
2029-02-18,26836.896484375,160.17723083496094
2029-02-19,33614.04296875,172.86245727539062
2029-02-20,34585.26953125,168.99520874023438
2029-02-21,34417.4453125,172.52903747558594
2029-02-22,34146.73046875,173.16281127929688
2029-02-23,33826.88671875,172.75439453125
2029-02-24,29510.650390625,165.05303955078125
2029-02-25,26813.802734375,158.97531127929688
2029-02-26,33610.3671875,179.21694946289062
2029-02-27,34542.8515625,180.8799591064453
2029-02-28,34417.4453125,177.59364318847656
2029-03-01,34158.60546875,180.78271484375
2029-03-02,33866.671875,182.92283630371097
2029-03-03,29523.33984375,178.37277221679688
2029-03-04,26810.42578125,172.7125701904297
2029-03-05,33612.23828125,185.72833251953125
2029-03-06,34555.2734375,185.3706817626953
2029-03-07,34417.4453125,180.3939208984375
2029-03-08,34151.98828125,187.0290374755859
2029-03-09,33846.65234375,181.6099090576172
2029-03-10,29518.888671875,171.371337890625
2029-03-11,26816.986328125,159.763427734375
2029-03-12,33607.74609375,176.9310760498047
2029-03-13,34551.1640625,187.4076232910156
2029-03-14,34428.25390625,180.6167907714844
2029-03-15,34151.98828125,187.8397521972656
2029-03-16,33850.6640625,182.7629241943359
2029-03-17,29514.392578125,173.27064514160156
2029-03-18,26808.857421875,171.51181030273438
2029-03-19,33613.73046875,182.07955932617188
2029-03-20,34595.7734375,184.15834045410156
2029-03-21,34422.5546875,179.51870727539062
2029-03-22,34144.4375,185.433349609375
2029-03-23,33824.1875,180.75289916992188
2029-03-24,29499.630859375,175.9928436279297
2029-03-25,26789.791015625,169.54493713378906
2029-03-26,33593.06640625,180.22715759277344
2029-03-27,34523.10546875,188.68751525878903
2029-03-28,34414.4375,181.17274475097656
2029-03-29,34159.61328125,188.35137939453125
2029-03-30,33850.26953125,182.71983337402344
2029-03-31,29499.13671875,174.24658203125
2029-04-01,26781.26171875,172.27210998535156
2029-04-02,33600.390625,178.74545288085938
2029-04-03,34540.015625,181.1812286376953
2029-04-04,34416.68359375,187.21890258789065
2029-04-05,34161.8046875,182.49742126464844
2029-04-06,33841.28515625,181.8698272705078
2029-04-07,29493.740234375,171.3212432861328
2029-04-08,26766.353515625,159.16102600097656
2029-04-09,33614.75,172.06655883789062
2029-04-10,34582.43359375,178.14254760742188
2029-04-11,34418.875,182.32028198242188
2029-04-12,34163.8828125,181.35255432128903
2029-04-13,33839.3515625,179.53067016601562
2029-04-14,29465.291015625,166.11338806152344
2029-04-15,26756.931640625,157.4026641845703
2029-04-16,33581.703125,165.6592254638672
2029-04-17,34533.24609375,166.1217498779297
2029-04-18,34401.88671875,170.84764099121094
2029-04-19,34128.43359375,170.7139892578125
2029-04-20,33817.359375,169.3593292236328
2029-04-21,29439.14453125,150.93113708496094
2029-04-22,26779.33984375,139.4513397216797
2029-04-23,33593.25,157.27386474609375
2029-04-24,34507.39453125,155.0311279296875
2029-04-25,34353.53125,151.01968383789062
2029-04-26,34051.3046875,151.57452392578125
2029-04-27,33811.89453125,144.79803466796875
2029-04-28,29441.6875,132.7936553955078
2029-04-29,26766.455078125,132.18280029296875
2029-04-30,33506.28515625,153.54188537597656
2029-05-01,34478.1875,142.50099182128906
2029-05-02,34385.68359375,147.4500732421875
2029-05-03,34132.2421875,146.34861755371094
2029-05-04,33805.171875,143.0340576171875
2029-05-05,29448.77734375,128.87620544433594
2029-05-06,26793.33203125,131.54354858398438
2029-05-07,33560.9765625,149.59214782714844
2029-05-08,34544.33203125,141.80770874023438
2029-05-09,34424.62890625,142.27508544921875
2029-05-10,34140.10546875,140.9043731689453
2029-05-11,33850.3125,135.7254638671875
2029-05-12,29473.0,121.26258087158205
2029-05-13,26829.322265625,116.44606018066406
2029-05-14,33654.59375,137.9023895263672
2029-05-15,34628.28515625,136.00375366210938
2029-05-16,34435.83984375,137.28140258789062
2029-05-17,34163.875,138.52854919433594
2029-05-18,33861.74609375,137.5061492919922
2029-05-19,29475.48046875,118.28611755371094
2029-05-20,26815.939453125,112.36004638671876
2029-05-21,33650.51171875,135.54803466796875
2029-05-22,34602.609375,137.01478576660156
2029-05-23,34432.015625,141.5463409423828
2029-05-24,34163.875,141.26089477539062
2029-05-25,33861.74609375,137.94480895996094
2029-05-26,29480.751953125,116.7667007446289
2029-05-27,26830.033203125,111.06968688964844
2029-05-28,33639.80078125,130.50831604003906
2029-05-29,34587.703125,136.50390625
2029-05-30,34411.96875,138.8771209716797
2029-05-31,34021.72265625,138.9890594482422
2029-06-01,33176.58203125,140.51901245117188
2029-06-02,28434.294921875,120.6204605102539
2029-06-03,25961.6953125,116.70877075195312
2029-06-04,33654.5234375,134.23690795898438
2029-06-05,34615.03515625,140.90025329589844
2029-06-06,34395.18359375,145.20057678222656
2029-06-07,34046.046875,139.55235290527344
2029-06-08,33484.68359375,137.5030059814453
2029-06-09,28952.466796875,127.66900634765624
2029-06-10,26564.986328125,124.78379821777344
2029-06-11,33808.46484375,126.80583190917967
2029-06-12,34989.37109375,132.67752075195312
2029-06-13,34822.078125,138.4730224609375
2029-06-14,34472.77734375,139.5587615966797
2029-06-15,34094.77734375,143.0272216796875
2029-06-16,29378.744140625,129.48654174804688
2029-06-17,26716.173828125,125.42162322998048
2029-06-18,33992.24609375,136.0131072998047
2029-06-19,35297.61328125,128.26171875
2029-06-20,34991.44140625,143.839599609375
2029-06-21,34625.19140625,141.66177368164062
2029-06-22,34150.8203125,140.7130126953125
2029-06-23,29516.044921875,128.35382080078125
2029-06-24,26707.318359375,125.16091918945312
2029-06-25,33992.22265625,136.267822265625
2029-06-26,35136.55078125,134.3902587890625
2029-06-27,34919.85546875,137.47259521484375
2029-06-28,34651.32421875,140.46279907226562
2029-06-29,34215.7578125,139.5623321533203
2029-06-30,29638.18359375,127.58959197998048
2029-07-01,26835.208984375,125.28826904296876
2029-07-02,34050.2890625,137.24920654296875
2029-07-03,35245.7578125,127.06695556640624
2029-07-04,34988.2265625,140.60557556152344
2029-07-05,34678.8671875,141.1542205810547
2029-07-06,34268.7890625,139.9430694580078
2029-07-07,29700.26953125,128.2580108642578
2029-07-08,26863.8125,125.14847564697266
2029-07-09,34010.3984375,136.80322265625
2029-07-10,35253.76171875,134.88418579101562
2029-07-11,34961.50390625,135.33642578125
2029-07-12,34641.3828125,139.97096252441406
2029-07-13,34226.94140625,139.5882568359375
2029-07-14,29707.953125,127.66751098632812
2029-07-15,26855.013671875,124.27018737792967
2029-07-16,33960.09765625,135.61032104492188
2029-07-17,35251.61328125,125.29454040527344
2029-07-18,34983.0,138.9802703857422
2029-07-19,34660.875,137.43777465820312
2029-07-20,34263.9296875,139.443603515625
2029-07-21,29708.181640625,127.84825134277344
2029-07-22,26847.142578125,124.91999053955078
2029-07-23,33959.984375,135.9298095703125
2029-07-24,35254.04296875,138.26309204101562
2029-07-25,34968.3671875,141.44163513183594
2029-07-26,34646.7734375,142.96990966796875
2029-07-27,34247.421875,139.6124725341797
2029-07-28,29700.9296875,127.94322967529295
2029-07-29,26847.142578125,124.78496551513672
2029-07-30,33934.8046875,135.53231811523438
2029-07-31,35258.984375,133.77586364746094
2029-08-01,34883.29296875,137.30795288085938
2029-08-02,34611.8359375,136.87042236328125
2029-08-03,34104.01953125,139.15829467773438
2029-08-04,29535.890625,127.37944793701172
2029-08-05,26742.740234375,125.04256439208984
2029-08-06,33622.27734375,135.295166015625
2029-08-07,34588.81640625,124.8907470703125
2029-08-08,34469.8984375,138.5123291015625
2029-08-09,34263.98046875,141.71139526367188
2029-08-10,34113.77734375,141.8318634033203
2029-08-11,29678.904296875,129.30316162109375
2029-08-12,26810.81640625,126.38570404052734
2029-08-13,33665.95703125,135.32196044921875
2029-08-14,34661.30859375,137.52757263183594
2029-08-15,34549.2578125,140.3557891845703
2029-08-16,34318.75,136.17520141601562
2029-08-17,34128.1015625,138.3241729736328
2029-08-18,29715.080078125,126.85572052001952
2029-08-19,26904.439453125,124.58832550048828
2029-08-20,33788.4453125,131.29742431640625
2029-08-21,34931.6796875,134.4656982421875
2029-08-22,34815.74609375,137.6571807861328
2029-08-23,34496.7109375,144.7130889892578
2029-08-24,34247.23046875,142.8307647705078
2029-08-25,29799.044921875,130.20675659179688
2029-08-26,27019.576171875,129.67230224609375
2029-08-27,33825.7734375,136.3789520263672
2029-08-28,34981.83203125,133.3463592529297
2029-08-29,34831.00390625,147.17662048339844
2029-08-30,34491.6015625,144.33546447753906
2029-08-31,34242.99609375,143.67225646972656
2029-09-01,29727.826171875,132.28309631347656
2029-09-02,26856.140625,127.7795639038086
2029-09-03,33728.23046875,136.8026885986328
2029-09-04,34807.515625,129.1556396484375
2029-09-05,34704.6875,141.88412475585938
2029-09-06,34342.21484375,141.63894653320312
2029-09-07,34206.8671875,144.81634521484375
2029-09-08,29732.462890625,128.6420135498047
2029-09-09,26830.388671875,126.3565902709961
2029-09-10,33760.6875,141.21315002441406
2029-09-11,34822.88671875,139.03707885742188
2029-09-12,34696.05859375,144.30126953125
2029-09-13,34338.5234375,147.49266052246094
2029-09-14,34201.25390625,144.2278289794922
2029-09-15,29731.064453125,129.7343292236328
2029-09-16,26820.98046875,127.10671997070312
2029-09-17,33711.1015625,137.13116455078125
2029-09-18,34772.76171875,140.08151245117188
2029-09-19,34627.03515625,140.82847595214844
2029-09-20,34313.90625,143.98924255371094
2029-09-21,34150.83984375,143.88465881347656
2029-09-22,29692.494140625,130.46551513671875
2029-09-23,26839.6484375,125.73379516601562
2029-09-24,33724.1328125,143.4295654296875
2029-09-25,34779.51953125,140.74423217773438
2029-09-26,34633.79296875,143.4628143310547
2029-09-27,34316.56640625,145.5652313232422
2029-09-28,34152.0390625,144.74281311035156
2029-09-29,29687.966796875,131.18629455566406
2029-09-30,26844.453125,126.71117401123048
2029-10-01,33733.87109375,146.31149291992188
2029-10-02,34781.0625,137.2399139404297
2029-10-03,34633.79296875,143.62669372558594
2029-10-04,34328.44140625,144.92138671875
2029-10-05,34163.9140625,143.49392700195312
2029-10-06,29691.9765625,130.28977966308594
2029-10-07,26844.453125,126.28401184082033
2029-10-08,33733.87109375,139.42738342285156
2029-10-09,34782.50390625,138.6401824951172
2029-10-10,34636.77734375,139.63523864746094
2029-10-11,34319.55078125,142.27687072753906
2029-10-12,34166.58203125,141.63113403320312
2029-10-13,29694.9609375,127.1802749633789
2029-10-14,26847.4375,123.1026611328125
2029-10-15,33733.87109375,137.65121459960938
2029-10-16,34782.50390625,138.94680786132812
2029-10-17,34636.77734375,141.7005157470703
2029-10-18,34331.42578125,144.6982421875
2029-10-19,34166.58203125,141.7833251953125
2029-10-20,29697.458984375,125.15515899658205
2029-10-21,26852.1796875,123.04715728759766
2029-10-22,33742.23046875,138.21998596191406
2029-10-23,34781.24609375,135.67825317382812
2029-10-24,34636.77734375,137.6754608154297
2029-10-25,34331.42578125,140.1969757080078
2029-10-26,34166.58203125,139.30230712890625
2029-10-27,29669.18359375,126.19141387939452
2029-10-28,26772.685546875,125.24724578857422
2029-10-29,33572.1015625,140.55809020996094
2029-10-30,34518.51171875,137.19239807128906
2029-10-31,33713.1796875,144.40785217285156
2029-11-01,32724.55859375,141.6734161376953
2029-11-02,32840.90234375,148.9846954345703
2029-11-03,29269.7578125,128.3321075439453
2029-11-04,27129.568359375,136.22097778320312
2029-11-05,33689.8125,161.5363006591797
2029-11-06,34444.78515625,143.6016082763672
2029-11-07,34113.44921875,168.2921600341797
2029-11-08,33722.2890625,160.59153747558594
2029-11-09,33551.15625,159.2143096923828
2029-11-10,29518.091796875,157.9547119140625
2029-11-11,27092.966796875,158.3884735107422
2029-11-12,33900.265625,160.20855712890625
2029-11-13,35167.89453125,153.14535522460938
2029-11-14,34877.93359375,177.5299835205078
2029-11-15,34579.546875,181.23887634277344
2029-11-16,34017.28125,170.0588836669922
2029-11-17,29642.439453125,161.95269775390625
2029-11-18,26912.94140625,159.38124084472656
2029-11-19,33974.6484375,171.5309600830078
2029-11-20,35157.2421875,173.8827362060547
2029-11-21,34847.7890625,184.80433654785156
2029-11-22,34371.4921875,176.96463012695312
2029-11-23,33950.26953125,185.36203002929688
2029-11-24,29633.685546875,169.0850830078125
2029-11-25,26885.7578125,170.7371063232422
2029-11-26,33983.78515625,182.43960571289065
2029-11-27,35166.7421875,176.31796264648438
2029-11-28,34833.61328125,199.7367248535156
2029-11-29,34324.92578125,192.912109375
2029-11-30,33861.6484375,184.69454956054688
2029-12-01,29572.388671875,186.29591369628903
2029-12-02,26907.900390625,179.43780517578125
2029-12-03,33653.57421875,188.90174865722656
2029-12-04,34540.96875,178.1916046142578
2029-12-05,34028.75,197.54888916015625
2029-12-06,33268.05078125,186.4738311767578
2029-12-07,31915.310546875,178.4296112060547
2029-12-08,28073.40234375,188.0147399902344
2029-12-09,26212.73828125,181.1473693847656
2029-12-10,34060.30078125,197.01129150390625
2029-12-11,34994.23046875,186.95526123046875
2029-12-12,34618.0078125,193.51956176757812
2029-12-13,33792.1640625,190.27224731445312
2029-12-14,32981.92578125,183.28158569335935
2029-12-15,28647.427734375,184.11422729492188
2029-12-16,26124.1484375,179.1527862548828
2029-12-17,33609.0703125,198.2432861328125
2029-12-18,34508.9921875,186.68719482421875
2029-12-19,33856.56640625,186.17335510253903
2029-12-20,32964.15234375,186.8257598876953
2029-12-21,32385.55859375,184.06069946289065
2029-12-22,28125.623046875,181.96954345703125
2029-12-23,25717.3125,179.49444580078125
2029-12-24,30212.455078125,185.57476806640625
2029-12-25,30105.59375,176.02606201171875
2029-12-26,29900.205078125,191.2966461181641
2029-12-27,30514.173828125,184.03627014160156
2029-12-28,30269.693359375,183.72251892089844
2029-12-29,27071.873046875,182.1935272216797
2029-12-30,24660.396484375,180.52149963378903
2029-12-31,29702.91015625,191.5714569091797
