Date,total_res_mw,price_eur_mwh
2025-01-01,6403.06884765625,132.66783142089844
2025-01-02,9785.3984375,140.93759155273438
2025-01-03,11011.5078125,137.29241943359375
2025-01-04,11864.24609375,125.66609191894533
2025-01-05,12296.861328125,130.635498046875
2025-01-06,14026.916015625,143.91294860839844
2025-01-07,14717.8427734375,139.4426727294922
2025-01-08,12611.314453125,138.9732208251953
2025-01-09,12706.6123046875,147.09759521484375
2025-01-10,12783.0830078125,143.40423583984375
2025-01-11,12635.2265625,126.8584976196289
2025-01-12,12633.4814453125,127.63663482666016
2025-01-13,13219.427734375,130.382568359375
2025-01-14,13200.8955078125,129.78744506835938
2025-01-15,13063.07421875,142.56019592285156
2025-01-16,13005.8818359375,143.26287841796875
2025-01-17,12830.6240234375,134.94961547851562
2025-01-18,12655.96875,125.70329284667967
2025-01-19,12645.2060546875,132.23988342285156
2025-01-20,13186.6767578125,133.71823120117188
2025-01-21,13191.091796875,133.641845703125
2025-01-22,13075.1015625,136.3623809814453
2025-01-23,13005.8818359375,138.63450622558594
2025-01-24,12830.6240234375,134.34780883789062
2025-01-25,12655.96875,128.48207092285156
2025-01-26,12645.2060546875,120.83646392822266
2025-01-27,13186.6767578125,123.38636016845705
2025-01-28,13191.091796875,129.6815948486328
2025-01-29,13075.1015625,136.9669952392578
2025-01-30,13005.8818359375,136.1180877685547
2025-01-31,12699.8154296875,129.4165802001953
2025-02-01,12481.76171875,110.82481384277344
2025-02-02,12376.2509765625,111.43546295166016
2025-02-03,12982.779296875,123.13926696777344
2025-02-04,13077.7685546875,122.66402435302734
2025-02-05,13003.1748046875,132.52598571777344
2025-02-06,12962.599609375,136.9957733154297
2025-02-07,12756.6630859375,131.7975616455078
2025-02-08,12537.873046875,112.91429138183594
2025-02-09,12450.5322265625,110.87708282470705
2025-02-10,12984.021484375,123.52871704101562
2025-02-11,13057.56640625,125.05054473876952
2025-02-12,12990.8564453125,126.73810577392578
2025-02-13,12947.111328125,130.40650939941406
2025-02-14,12761.376953125,128.59861755371094
2025-02-15,12531.4091796875,112.08560943603516
2025-02-16,12450.5322265625,111.08003997802734
2025-02-17,12968.1220703125,122.05329895019533
2025-02-18,13044.6826171875,130.01840209960938
2025-02-19,12970.654296875,130.38841247558594
2025-02-20,12947.111328125,130.71604919433594
2025-02-21,12761.376953125,128.89659118652344
2025-02-22,12532.6669921875,112.07962036132812
2025-02-23,12436.86328125,110.16928100585938
2025-02-24,12953.1953125,122.8727798461914
2025-02-25,13022.6044921875,122.90247344970705
2025-02-26,12962.9248046875,125.18527221679688
2025-02-27,12920.3193359375,127.9921417236328
2025-02-28,12738.8583984375,125.1671142578125
2025-03-01,12521.7978515625,113.14066314697266
2025-03-02,12438.5927734375,108.52294921875
2025-03-03,12950.2109375,115.03219604492188
2025-03-04,13019.6201171875,114.578125
2025-03-05,12927.4794921875,117.90680694580078
2025-03-06,12903.9365234375,119.76400756835938
2025-03-07,12719.2744140625,118.11213684082033
2025-03-08,12515.333984375,111.072998046875
2025-03-09,12461.1533203125,96.80201721191406
2025-03-10,12950.2109375,115.4305648803711
2025-03-11,13019.6201171875,113.41500091552734
2025-03-12,12927.4794921875,114.99982452392578
2025-03-13,12903.9365234375,116.10215759277344
2025-03-14,12729.125,116.7651138305664
2025-03-15,12544.3583984375,113.02381896972656
2025-03-16,12461.1533203125,94.48369598388672
2025-03-17,12942.2265625,115.99156188964844
2025-03-18,13011.6357421875,116.75230407714844
2025-03-19,12936.1806640625,119.16080474853516
2025-03-20,12912.6376953125,118.76879119873048
2025-03-21,12751.4443359375,116.82722473144533
2025-03-22,12560.2138671875,112.41970825195312
2025-03-23,12506.1591796875,94.6758041381836
2025-03-24,12951.6220703125,115.2193832397461
2025-03-25,13025.7451171875,112.76740264892578
2025-03-26,12950.2900390625,115.39697265625
2025-03-27,12930.9697265625,116.04146575927734
2025-03-28,12777.4716796875,117.3975601196289
2025-03-29,12573.732421875,112.89215087890624
2025-03-30,12513.2138671875,96.33717346191406
2025-03-31,12958.615234375,115.69822692871094
2025-04-01,13028.0244140625,116.88844299316406
2025-04-02,12968.9677734375,120.27326965332033
2025-04-03,12949.6474609375,119.78437042236328
2025-04-04,12796.1494140625,118.72907257080078
2025-04-05,12593.7216796875,114.49388122558594
2025-04-06,12533.203125,96.34616088867188
2025-04-07,13023.734375,114.78215789794922
2025-04-08,13043.7744140625,111.14698028564452
2025-04-09,12976.896484375,114.85192108154295
2025-04-10,12957.576171875,115.23018646240234
2025-04-11,12811.57421875,113.38341522216795
2025-04-12,12597.845703125,108.54886627197266
2025-04-13,12543.791015625,92.79700469970705
2025-04-14,13032.74609375,114.58450317382812
2025-04-15,13052.7861328125,113.05872344970705
2025-04-16,13004.970703125,115.49457550048828
2025-04-17,12985.650390625,116.11880493164062
2025-04-18,12832.15234375,116.94417572021484
2025-04-19,12618.423828125,110.76942443847656
2025-04-20,12592.734375,93.73446655273438
2025-04-21,13045.9423828125,109.98011779785156
2025-04-22,13071.8486328125,108.89463806152344
2025-04-23,13007.986328125,113.9188003540039
2025-04-24,12988.666015625,113.59168243408205
2025-04-25,12835.16796875,112.08745574951172
2025-04-26,12621.439453125,108.47010040283205
2025-04-27,12607.6611328125,86.46854400634766
2025-04-28,13093.2080078125,109.60848999023438
2025-04-29,13074.8642578125,107.64225769042967
2025-04-30,13007.986328125,106.28551483154295
2025-05-01,12988.666015625,103.7737045288086
2025-05-02,12835.16796875,101.2870101928711
2025-05-03,12621.439453125,88.96917724609375
2025-05-04,12610.6767578125,74.6983642578125
2025-05-05,13096.2236328125,93.58221435546876
2025-05-06,13090.4248046875,97.158203125
2025-05-07,13007.986328125,96.1112823486328
2025-05-08,12988.666015625,93.16168975830078
2025-05-09,12835.16796875,87.74029541015625
2025-05-10,12621.439453125,76.94609832763672
2025-05-11,12608.0009765625,66.35050201416016
2025-05-12,13102.951171875,86.48805236816406
2025-05-13,13097.15234375,93.42642211914062
2025-05-14,13050.4765625,93.42831420898438
2025-05-15,13015.595703125,89.93238067626953
2025-05-16,12841.8955078125,86.66755676269531
2025-05-17,12628.1669921875,72.80288696289062
2025-05-18,12614.728515625,60.13608932495117
2025-05-19,13102.951171875,78.92178344726562
2025-05-20,13097.15234375,84.27804565429688
2025-05-21,13050.4765625,86.91483306884766
2025-05-22,13015.595703125,88.77251434326172
2025-05-23,12862.09765625,84.8765869140625
2025-05-24,12648.369140625,72.47565460205078
2025-05-25,12614.728515625,60.004356384277344
2025-05-26,13102.951171875,77.8821029663086
2025-05-27,13097.15234375,82.42036437988281
2025-05-28,13050.4765625,86.5973892211914
2025-05-29,13015.595703125,89.50057220458984
2025-05-30,12862.09765625,85.05583190917969
2025-05-31,12648.369140625,72.34748840332031
2025-06-01,12614.728515625,61.99577713012695
2025-06-02,13102.951171875,77.42929077148438
2025-06-03,13117.3544921875,82.80563354492188
2025-06-04,13050.4765625,86.97900390625
2025-06-05,13015.595703125,90.15270233154295
2025-06-06,12862.09765625,86.99222564697266
2025-06-07,12648.369140625,75.1432113647461
2025-06-08,12634.9306640625,66.1085433959961
2025-06-09,13102.951171875,82.57734680175781
2025-06-10,13117.3544921875,90.1178970336914
2025-06-11,13050.4765625,92.20791625976562
2025-06-12,13015.595703125,91.14483642578124
2025-06-13,12862.09765625,88.85029602050781
2025-06-14,12648.369140625,76.75306701660156
2025-06-15,12634.9306640625,68.72901153564453
2025-06-16,13102.951171875,82.58601379394531
2025-06-17,13117.3544921875,91.33919525146484
2025-06-18,13050.4765625,95.65505981445312
2025-06-19,13015.595703125,93.22038269042967
2025-06-20,12853.4794921875,90.64118957519533
2025-06-21,12639.7509765625,78.1384506225586
2025-06-22,12628.98828125,73.84027862548828
2025-06-23,13097.2919921875,90.41659545898438
2025-06-24,13111.6953125,99.37345123291016
2025-06-25,13038.275390625,101.25952911376952
2025-06-26,13000.435546875,99.78850555419922
2025-06-27,12830.2275390625,95.73220825195312
2025-06-28,12596.728515625,85.1447982788086
2025-06-29,12533.3603515625,77.75061798095703
2025-06-30,12997.8857421875,92.94410705566406
2025-07-01,13028.953125,97.33466339111328
2025-07-02,12969.3701171875,100.34354400634766
2025-07-03,12947.0908203125,99.11021423339844
2025-07-04,12793.5927734375,96.22508239746094
2025-07-05,12554.2353515625,85.83784484863281
2025-07-06,12496.044921875,79.43716430664062
2025-07-07,12939.720703125,92.1498794555664
2025-07-08,13008.7509765625,100.64443969726562
2025-07-09,12949.16796875,100.00944519042967
2025-07-10,12926.888671875,98.07268524169922
2025-07-11,12765.12890625,94.58623504638672
2025-07-12,12545.9736328125,83.46453094482422
2025-07-13,12465.0966796875,77.78556823730469
2025-07-14,12923.7294921875,91.37149810791016
2025-07-15,12991.4130859375,99.13507080078124
2025-07-16,12931.830078125,100.48677825927734
2025-07-17,12909.55078125,98.0698471069336
2025-07-18,12730.7568359375,96.44469451904295
2025-07-19,12534.61328125,86.04430389404297
2025-07-20,12437.92578125,78.05841064453125
2025-07-21,12899.57421875,91.90729522705078
2025-07-22,12943.1552734375,98.9730224609375
2025-07-23,12904.8857421875,101.8162612915039
2025-07-24,12861.29296875,101.28221130371094
2025-07-25,12696.55859375,98.05895233154295
2025-07-26,12514.1572265625,86.62547302246094
2025-07-27,12437.416015625,78.90699005126953
2025-07-28,12891.654296875,92.05496215820312
2025-07-29,12935.2353515625,99.8100128173828
2025-07-30,12896.9658203125,102.5522689819336
2025-07-31,12853.373046875,101.80369567871094
2025-08-01,12690.1708984375,98.06787872314452
2025-08-02,12507.76953125,86.45845031738281
2025-08-03,12356.7470703125,79.41112518310547
2025-08-04,12868.4736328125,91.01744079589844
2025-08-05,12911.0615234375,97.02889251708984
2025-08-06,12866.0478515625,99.2652587890625
2025-08-07,12831.3564453125,99.6620864868164
2025-08-08,12681.771484375,96.64550018310548
2025-08-09,12499.3701171875,86.1559829711914
2025-08-10,12263.8486328125,79.43108367919922
2025-08-11,12642.5830078125,92.95223999023438
2025-08-12,12783.759765625,98.29767608642578
2025-08-13,12735.6494140625,100.2051773071289
2025-08-14,12679.384765625,99.50575256347656
2025-08-15,12550.6611328125,96.91385650634766
2025-08-16,12320.5888671875,86.41126251220703
2025-08-17,12203.203125,79.37711334228516
2025-08-18,12508.4326171875,91.23587799072266
2025-08-19,12668.9814453125,98.9075927734375
2025-08-20,12660.66015625,99.90615844726562
2025-08-21,12633.3046875,99.26197814941406
2025-08-22,12511.951171875,96.3823471069336
2025-08-23,12196.015625,86.11940002441406
2025-08-24,11776.7197265625,78.6600112915039
2025-08-25,12272.685546875,92.53982543945312
2025-08-26,12379.2236328125,99.30077362060548
2025-08-27,12394.98828125,102.27521514892578
2025-08-28,12356.33984375,102.91813659667967
2025-08-29,12280.5244140625,98.84597778320312
2025-08-30,11778.7666015625,87.6334228515625
2025-08-31,11543.15234375,82.51637268066406
2025-09-01,12120.953125,96.0769271850586
2025-09-02,12138.3017578125,104.43260955810548
2025-09-03,11967.341796875,103.57496643066406
2025-09-04,11653.1259765625,102.34636688232422
2025-09-05,11463.1484375,98.81330108642578
2025-09-06,11142.8203125,91.34010314941406
2025-09-07,11112.353515625,82.0755844116211
2025-09-08,11596.8173828125,95.39798736572266
2025-09-09,11565.814453125,100.7826156616211
2025-09-10,11458.8525390625,102.8582763671875
2025-09-11,11305.814453125,101.93657684326172
2025-09-12,11271.646484375,100.00099182128906
2025-09-13,11003.2685546875,92.97952270507812
2025-09-14,10866.322265625,80.54114532470703
2025-09-15,11449.9794921875,96.75515747070312
2025-09-16,11483.169921875,104.77279663085938
2025-09-17,11396.2158203125,102.22077178955078
2025-09-18,11263.1357421875,99.09039306640624
2025-09-19,11228.9677734375,96.94019317626952
2025-09-20,10975.6826171875,90.23609161376952
2025-09-21,10838.736328125,82.86119842529297
2025-09-22,11402.95703125,96.70501708984376
2025-09-23,11463.0498046875,101.87139129638672
2025-09-24,11376.095703125,100.63956451416016
2025-09-25,11248.615234375,99.5101318359375
2025-09-26,11214.447265625,97.32910919189452
2025-09-27,10980.3251953125,90.22775268554688
2025-09-28,10849.9755859375,80.36617279052734
2025-09-29,11419.109375,93.41961669921876
2025-09-30,11457.1171875,98.41741180419922
2025-10-01,11370.1630859375,96.56048583984376
2025-10-02,11242.6826171875,95.87669372558594
2025-10-03,11208.5146484375,92.1733169555664
2025-10-04,10974.392578125,82.2762451171875
2025-10-05,10844.04296875,75.48497009277344
2025-10-06,11413.1767578125,88.32596588134766
2025-10-07,11457.1171875,94.19283294677734
2025-10-08,11370.1630859375,92.68327331542967
2025-10-09,11242.6826171875,92.08000946044922
2025-10-10,11208.5146484375,89.68303680419922
2025-10-11,10974.392578125,81.7220458984375
2025-10-12,10844.04296875,73.21216583251953
2025-10-13,11413.1767578125,89.03147888183594
2025-10-14,11457.1171875,94.36575317382812
2025-10-15,11370.1630859375,93.46743774414062
2025-10-16,11242.6826171875,92.67241668701172
2025-10-17,11208.5146484375,90.92556762695312
2025-10-18,10974.392578125,82.00879669189453
2025-10-19,10844.04296875,74.8248519897461
2025-10-20,11413.1767578125,89.6969223022461
2025-10-21,11457.1171875,93.46449279785156
2025-10-22,11370.1630859375,91.01067352294922
2025-10-23,11242.6826171875,91.0237808227539
2025-10-24,11208.5146484375,89.80496215820312
2025-10-25,10974.392578125,81.08271026611328
2025-10-26,10844.04296875,74.66397857666016
2025-10-27,11413.1767578125,89.64089965820312
2025-10-28,11457.1171875,93.85751342773438
2025-10-29,11370.1630859375,93.04318237304688
2025-10-30,11242.6826171875,92.41778564453124
2025-10-31,11208.5146484375,90.03541564941406
2025-11-01,10974.392578125,78.6985855102539
2025-11-02,10841.3671875,70.23741912841797
2025-11-03,11413.1767578125,88.515380859375
2025-11-04,11457.1171875,98.05926513671876
2025-11-05,11370.1630859375,100.67361450195312
2025-11-06,11242.6826171875,99.79937744140624
2025-11-07,11208.5146484375,96.96800994873048
2025-11-08,10974.392578125,84.66465759277344
2025-11-09,10844.04296875,76.37773132324219
2025-11-10,11413.1767578125,97.28585815429688
2025-11-11,11457.1171875,102.09759521484376
2025-11-12,11370.1630859375,100.9841537475586
2025-11-13,11242.6826171875,100.4706802368164
2025-11-14,11208.5146484375,97.37781524658205
2025-11-15,10974.392578125,85.68018341064453
2025-11-16,10844.04296875,73.9984130859375
2025-11-17,11413.1767578125,97.47991180419922
2025-11-18,11457.1171875,101.90240478515624
2025-11-19,11370.1630859375,101.76216888427734
2025-11-20,11242.6826171875,100.63771057128906
2025-11-21,11208.5146484375,97.07793426513672
2025-11-22,10974.392578125,85.33565521240234
2025-11-23,10844.04296875,74.94688415527344
2025-11-24,11413.1767578125,97.0574188232422
2025-11-25,11457.1171875,101.8577880859375
2025-11-26,11379.5,101.83850860595705
2025-11-27,11252.01953125,100.78055572509766
2025-11-28,11217.8515625,96.87461853027344
2025-11-29,10983.7294921875,85.67613220214844
2025-11-30,10840.0576171875,75.01235961914062
2025-12-01,11409.19140625,100.35118865966795
2025-12-02,11453.1318359375,108.98738861083984
2025-12-03,11366.177734375,110.62992095947266
2025-12-04,11238.697265625,107.10456848144533
2025-12-05,11204.529296875,104.8124542236328
2025-12-06,10970.4072265625,95.92919921875
2025-12-07,10840.0576171875,83.08240509033203
2025-12-08,11409.19140625,98.72332000732422
2025-12-09,11453.1318359375,111.5261001586914
2025-12-10,11366.177734375,115.2969741821289
2025-12-11,11238.697265625,116.29039764404295
2025-12-12,11192.9287109375,120.79488372802734
2025-12-13,10972.509765625,115.58781433105467
2025-12-14,10835.6962890625,100.7458267211914
2025-12-15,11410.34765625,124.88849639892578
2025-12-16,11431.455078125,129.9698486328125
2025-12-17,11344.5009765625,144.72335815429688
2025-12-18,11186.6982421875,153.247802734375
2025-12-19,11124.89453125,149.02879333496094
2025-12-20,10960.859375,142.51565551757812
2025-12-21,10832.7939453125,131.24468994140625
2025-12-22,11349.14453125,157.25694274902344
2025-12-23,11380.2587890625,156.52725219726562
2025-12-24,11301.5517578125,177.2193603515625
2025-12-25,11163.4443359375,178.88397216796875
2025-12-26,11139.9033203125,178.18426513671875
2025-12-27,10989.771484375,171.59640502929688
2025-12-28,10857.4140625,171.10635375976562
2025-12-29,11394.8828125,180.59686279296875
2025-12-30,11404.87890625,184.1051788330078
2025-12-31,11318.6064453125,187.17071533203125
2026-01-01,11233.8671875,175.83444213867188
2026-01-02,11212.0556640625,176.97572326660156
2026-01-03,10962.123046875,176.71070861816406
2026-01-04,10827.3720703125,174.9561004638672
2026-01-05,11482.041015625,176.01925659179688
2026-01-06,11550.5556640625,174.05833435058594
2026-01-07,11465.7802734375,180.9302520751953
2026-01-08,11306.078125,177.7391357421875
2026-01-09,11260.453125,179.43795776367188
2026-01-10,11010.5205078125,171.8539581298828
2026-01-11,10869.890625,164.8489227294922
2026-01-12,11517.962890625,168.44094848632812
2026-01-13,11586.4775390625,184.2198181152344
2026-01-14,11491.6640625,178.54595947265625
2026-01-15,11322.427734375,181.72080993652344
2026-01-16,11283.23046875,182.92041015625
2026-01-17,11025.37109375,176.81419372558594
2026-01-18,10878.14453125,178.74171447753906
2026-01-19,11540.740234375,195.9252014160156
2026-01-20,11648.2783203125,182.99057006835935
2026-01-21,11509.5859375,186.9546661376953
2026-01-22,11334.455078125,188.70867919921875
2026-01-23,11283.23046875,187.2149658203125
2026-01-24,11025.37109375,176.6094207763672
2026-01-25,10878.14453125,168.62933349609375
2026-01-26,11540.740234375,173.3827667236328
2026-01-27,11648.2783203125,170.94503784179688
2026-01-28,11509.5859375,171.80661010742188
2026-01-29,11334.455078125,173.393310546875
2026-01-30,11283.23046875,174.51409912109375
2026-01-31,11030.5224609375,166.63307189941406
2026-02-01,10871.4384765625,152.74090576171875
2026-02-02,11540.740234375,172.83827209472656
2026-02-03,11648.2783203125,175.2949981689453
2026-02-04,11509.5859375,173.89456176757812
2026-02-05,11334.455078125,180.90538024902344
2026-02-06,11283.23046875,177.5223846435547
2026-02-07,11030.5224609375,170.2118377685547
2026-02-08,10871.4384765625,161.56539916992188
2026-02-09,11540.740234375,181.97454833984375
2026-02-10,11648.2783203125,184.6875
2026-02-11,11509.5859375,188.50775146484375
2026-02-12,11334.455078125,181.16212463378903
2026-02-13,11283.23046875,181.4303436279297
2026-02-14,11030.5224609375,174.2197265625
2026-02-15,10883.2958984375,168.8378143310547
2026-02-16,11527.8564453125,177.26214599609375
2026-02-17,11596.37109375,178.0006561279297
2026-02-18,11503.69140625,179.76792907714844
2026-02-19,11334.455078125,180.9081268310547
2026-02-20,11283.23046875,179.97621154785156
2026-02-21,11030.5224609375,174.60702514648438
2026-02-22,10887.5693359375,170.6690673828125
2026-02-23,11527.8564453125,180.2846221923828
2026-02-24,11596.37109375,184.3708648681641
2026-02-25,11503.69140625,185.53321838378903
2026-02-26,11334.455078125,185.6572265625
2026-02-27,11287.50390625,186.2545623779297
2026-02-28,11034.7958984375,173.0901641845703
2026-03-01,10905.8466796875,172.39927673339844
2026-03-02,11546.1337890625,184.83267211914065
2026-03-03,11653.671875,182.392333984375
2026-03-04,11527.86328125,182.0794982910156
2026-03-05,11352.732421875,182.6115264892578
2026-03-06,11321.41015625,182.40138244628903
2026-03-07,11053.0732421875,175.02166748046875
2026-03-08,10905.8466796875,168.97589111328125
2026-03-09,11546.1337890625,173.37301635742188
2026-03-10,11653.671875,178.4888458251953
2026-03-11,11527.86328125,179.55343627929688
2026-03-12,11352.732421875,179.9710235595703
2026-03-13,11331.2607421875,179.9661407470703
2026-03-14,11075.6337890625,172.0885009765625
2026-03-15,11055.306640625,168.60812377929688
2026-03-16,11538.1494140625,180.49949645996097
2026-03-17,11606.6640625,179.44378662109375
2026-03-18,11521.96875,179.92568969726562
2026-03-19,11361.43359375,180.6579742431641
2026-03-20,11339.9619140625,180.11831665039062
2026-03-21,11097.953125,174.0319061279297
2026-03-22,11081.826171875,168.13990783691406
2026-03-23,11664.234375,174.35238647460938
2026-03-24,11685.6171875,177.60626220703125
2026-03-25,11561.0654296875,181.61618041992188
2026-03-26,11435.6669921875,181.6442413330078
2026-03-27,11374.0859375,181.5529632568359
2026-03-28,11139.3232421875,173.26016235351562
2026-03-29,11114.6220703125,169.39427185058594
2026-03-30,11685.8193359375,182.5093688964844
2026-03-31,11687.896484375,182.54969787597656
2026-04-01,11579.7431640625,181.7464599609375
2026-04-02,11469.4619140625,183.27877807617188
2026-04-03,11392.763671875,182.75103759765625
2026-04-04,11161.5302734375,174.3550567626953
2026-04-05,11136.8955078125,168.9806365966797
2026-04-06,11698.4775390625,175.684326171875
2026-04-07,11703.646484375,179.59375
2026-04-08,11587.671875,180.95999145507812
2026-04-09,11477.390625,180.60989379882812
2026-04-10,11400.6923828125,180.01560974121094
2026-04-11,11176.955078125,172.80499267578125
2026-04-12,11147.4833984375,166.3880615234375
2026-04-13,11709.0654296875,171.533447265625
2026-04-14,11712.658203125,171.98448181152344
2026-04-15,11596.68359375,179.15269470214844
2026-04-16,11486.40234375,181.0129547119141
2026-04-17,11409.7041015625,179.67059326171875
2026-04-18,11178.470703125,172.7917938232422
2026-04-19,11148.9990234375,167.92007446289062
2026-04-20,11710.5810546875,180.5383148193359
2026-04-21,11712.658203125,185.88232421875
2026-04-22,11596.68359375,183.08450317382812
2026-04-23,11486.40234375,180.5409240722656
2026-04-24,11409.7041015625,180.2074279785156
2026-04-25,11178.470703125,173.4744415283203
2026-04-26,11148.9990234375,166.10687255859375
2026-04-27,11710.5810546875,173.67930603027344
2026-04-28,11712.658203125,176.8620147705078
2026-04-29,11596.68359375,182.11180114746097
2026-04-30,11486.40234375,181.42938232421875
2026-05-01,11409.7041015625,179.66758728027344
2026-05-02,11178.470703125,173.82138061523438
2026-05-03,11148.9990234375,168.52671813964844
2026-05-04,11710.5810546875,182.9836883544922
2026-05-05,11712.658203125,179.9357452392578
2026-05-06,11596.68359375,181.63462829589844
2026-05-07,11486.40234375,181.129150390625
2026-05-08,11409.7041015625,180.5128936767578
2026-05-09,11178.470703125,172.13917541503906
2026-05-10,11148.9990234375,165.0208740234375
2026-05-11,11710.5810546875,171.54212951660156
2026-05-12,11719.3857421875,178.1720733642578
2026-05-13,11603.4111328125,181.38259887695312
2026-05-14,11493.1298828125,180.51283264160156
2026-05-15,11416.431640625,179.89657592773438
2026-05-16,11185.1982421875,173.5344696044922
2026-05-17,11155.7265625,165.102783203125
2026-05-18,11722.90234375,177.19044494628906
2026-05-19,11719.3857421875,181.8246612548828
2026-05-20,11603.4111328125,180.50946044921875
2026-05-21,11493.1298828125,180.64002990722656
2026-05-22,11416.431640625,180.02377319335938
2026-05-23,11185.1982421875,173.4508056640625
2026-05-24,11155.7265625,167.31727600097656
2026-05-25,11722.90234375,176.21499633789062
2026-05-26,11719.3857421875,180.8015899658203
2026-05-27,11603.4111328125,180.8646545410156
2026-05-28,11493.1298828125,180.99522399902344
2026-05-29,11416.431640625,180.53173828125
2026-05-30,11185.1982421875,172.6470947265625
2026-05-31,11155.7265625,166.69412231445312
2026-06-01,11722.90234375,177.26882934570312
2026-06-02,11719.3857421875,179.21385192871094
2026-06-03,11603.4111328125,182.2707366943359
2026-06-04,11493.1298828125,181.6031494140625
2026-06-05,11416.431640625,181.13365173339844
2026-06-06,11185.1982421875,172.8506317138672
2026-06-07,11155.7265625,168.1547393798828
2026-06-08,11722.90234375,177.50057983398438
2026-06-09,11719.3857421875,181.1576385498047
2026-06-10,11603.4111328125,178.95497131347656
2026-06-11,11493.1298828125,181.4152984619141
2026-06-12,11416.431640625,179.355224609375
2026-06-13,11185.1982421875,173.73680114746094
2026-06-14,11155.7265625,166.7886962890625
2026-06-15,11722.90234375,177.1703643798828
2026-06-16,11719.3857421875,182.9345703125
2026-06-17,11603.4111328125,184.0709228515625
2026-06-18,11493.1298828125,183.2903289794922
2026-06-19,11416.431640625,183.8415985107422
2026-06-20,11176.580078125,174.26028442382812
2026-06-21,11147.1083984375,168.6643829345703
2026-06-22,11711.6494140625,175.99244689941406
2026-06-23,11713.7265625,181.8529357910156
2026-06-24,11597.751953125,182.6729736328125
2026-06-25,11471.03125,182.8794860839844
2026-06-26,11394.3330078125,182.03114318847656
2026-06-27,11152.2294921875,174.05491638183594
2026-06-28,11117.2880859375,168.3173370361328
2026-06-29,11693.8486328125,176.37179565429688
2026-06-30,11670.8271484375,182.4120178222656
2026-07-01,11553.3515625,183.17478942871097
2026-07-02,11424.994140625,183.30535888671875
2026-07-03,11363.4130859375,182.64984130859375
2026-07-04,11126.7529296875,174.4294891357422
2026-07-05,11094.9970703125,168.4785919189453
2026-07-06,11664.46875,175.85897827148438
2026-07-07,11662.03125,179.14048767089844
2026-07-08,11553.3515625,184.1286468505859
2026-07-09,11424.994140625,182.8778381347656
2026-07-10,11363.4130859375,181.8405609130859
2026-07-11,11118.4912109375,174.23609924316406
2026-07-12,11091.7373046875,168.83358764648438
2026-07-13,11661.208984375,176.58021545410156
2026-07-14,11653.76953125,182.76283264160156
2026-07-15,11540.7275390625,182.48245239257812
2026-07-16,11412.3701171875,182.91403198242188
2026-07-17,11350.7890625,182.0295257568359
2026-07-18,11103.439453125,174.2762908935547
2026-07-19,11076.685546875,169.0150146484375
2026-07-20,11641.95703125,176.4434051513672
2026-07-21,11632.8232421875,179.92929077148438
2026-07-22,11524.1435546875,184.72900390625
2026-07-23,11361.5712890625,183.5408172607422
2026-07-24,11340.099609375,182.5144195556641
2026-07-25,11092.8125,174.39788818359375
2026-07-26,11076.685546875,168.44699096679688
2026-07-27,11641.95703125,176.72479248046875
2026-07-28,11632.8232421875,179.4061737060547
2026-07-29,11524.1435546875,184.55612182617188
2026-07-30,11361.5712890625,183.36895751953125
2026-07-31,11340.099609375,182.4955291748047
2026-08-01,11086.4248046875,174.3018035888672
2026-08-02,11066.09765625,169.020263671875
2026-08-03,11519.41796875,176.33248901367188
2026-08-04,11555.712890625,180.35533142089844
2026-08-05,11489.8994140625,182.03860473632812
2026-08-06,11331.4609375,182.51724243164065
2026-08-07,11300.8935546875,181.9622802734375
2026-08-08,11052.2841796875,174.78524780273438
2026-08-09,10915.337890625,170.32571411132812
2026-08-10,11479.62890625,176.49745178222656
2026-08-11,11525.404296875,179.79290771484375
2026-08-12,11433.25,184.66342163085935
2026-08-13,11308.654296875,183.42510986328125
2026-08-14,11270.5009765625,182.5540008544922
2026-08-15,11032.0927734375,171.63772583007812
2026-08-16,10888.5947265625,165.1995849609375
2026-08-17,11457.8427734375,171.67373657226562
2026-08-18,11501.783203125,175.29774475097656
2026-08-19,11411.962890625,184.4423065185547
2026-08-20,11287.3671875,183.2316741943359
2026-08-21,11253.19921875,182.3309783935547
2026-08-22,11025.541015625,174.89024353027344
2026-08-23,10888.5947265625,174.35916137695312
2026-08-24,11457.8427734375,189.98162841796875
2026-08-25,11501.783203125,185.1568603515625
2026-08-26,11411.962890625,187.24171447753903
2026-08-27,11287.3671875,188.78794860839844
2026-08-28,11253.19921875,188.1184539794922
2026-08-29,11025.541015625,175.50225830078125
2026-08-30,10888.5947265625,174.79368591308594
2026-08-31,11457.8427734375,185.06851196289065
2026-09-01,11494.4814453125,181.7053070068359
2026-09-02,11404.6611328125,183.41146850585935
2026-09-03,11277.3330078125,184.63916015625
2026-09-04,11237.5654296875,184.03660583496097
2026-09-05,11009.9072265625,171.31558227539062
2026-09-06,10861.103515625,162.0366973876953
2026-09-07,11442.208984375,170.18325805664062
2026-09-08,11486.1494140625,176.3563995361328
2026-09-09,11396.3291015625,184.10243225097656
2026-09-10,11269.306640625,181.2071228027344
2026-09-11,11235.138671875,180.53640747070312
2026-09-12,11007.48046875,174.01365661621094
2026-09-13,10864.7109375,170.94570922851562
2026-09-14,11433.9775390625,182.99295043945312
2026-09-15,11477.91796875,183.9893341064453
2026-09-16,11390.9638671875,184.92274475097656
2026-09-17,11263.4833984375,183.53273010253903
2026-09-18,11229.3154296875,181.12355041503903
2026-09-19,11001.6572265625,173.66885375976562
2026-09-20,10845.5478515625,170.023193359375
2026-09-21,11414.814453125,178.9822235107422
2026-09-22,11458.7548828125,183.77517700195312
2026-09-23,11387.953125,181.99607849121097
2026-09-24,11260.47265625,182.3285369873047
2026-09-25,11226.3046875,181.61537170410156
2026-09-26,10998.646484375,173.68711853027344
2026-09-27,10868.296875,170.0943603515625
2026-09-28,11430.966796875,176.91749572753906
2026-09-29,11474.9072265625,181.74159240722656
2026-09-30,11382.0205078125,182.4250946044922
2026-10-01,11254.5400390625,181.63113403320312
2026-10-02,11220.3720703125,181.01329040527344
2026-10-03,10992.7138671875,173.00204467773438
2026-10-04,10855.767578125,169.87974548339844
2026-10-05,11425.0341796875,175.8310546875
2026-10-06,11468.974609375,180.99758911132812
2026-10-07,11382.0205078125,180.1200714111328
2026-10-08,11254.5400390625,184.358154296875
2026-10-09,11220.3720703125,179.42596435546875
2026-10-10,10992.7138671875,176.98681640625
2026-10-11,10855.767578125,169.9930877685547
2026-10-12,11425.0341796875,175.66732788085938
2026-10-13,11468.974609375,178.85963439941406
2026-10-14,11382.0205078125,184.27078247070312
2026-10-15,11254.5400390625,181.1957244873047
2026-10-16,11220.3720703125,181.84353637695312
2026-10-17,10992.7138671875,169.80633544921875
2026-10-18,10855.767578125,166.08453369140625
2026-10-19,11425.0341796875,173.2971649169922
2026-10-20,11468.974609375,178.44607543945312
2026-10-21,11382.0205078125,183.93153381347656
2026-10-22,11254.5400390625,177.7043914794922
2026-10-23,11220.3720703125,182.4861297607422
2026-10-24,10992.7138671875,171.00279235839844
2026-10-25,10855.767578125,164.67800903320312
2026-10-26,11425.0341796875,172.93374633789062
2026-10-27,11468.974609375,178.61587524414062
2026-10-28,11382.0205078125,184.0980529785156
2026-10-29,11254.5400390625,182.07098388671875
2026-10-30,11220.3720703125,179.9595489501953
2026-10-31,10992.7138671875,178.98529052734375
2026-11-01,10855.767578125,168.3308868408203
2026-11-02,11425.0341796875,182.45347595214844
2026-11-03,11468.974609375,175.61195373535156
2026-11-04,11382.0205078125,200.90338134765625
2026-11-05,11254.5400390625,191.540283203125
2026-11-06,11220.3720703125,192.49417114257812
2026-11-07,10992.7138671875,178.7954864501953
2026-11-08,10855.767578125,184.89837646484375
2026-11-09,11425.0341796875,196.2763671875
2026-11-10,11468.974609375,191.9030914306641
2026-11-11,11382.0205078125,197.6981201171875
2026-11-12,11254.5400390625,190.37185668945312
2026-11-13,11220.3720703125,193.7603454589844
2026-11-14,10992.7138671875,178.20819091796875
2026-11-15,10855.767578125,180.78396606445312
2026-11-16,11425.0341796875,202.8126678466797
2026-11-17,11468.974609375,198.06033325195312
2026-11-18,11382.0205078125,201.1333923339844
2026-11-19,11254.5400390625,196.3860626220703
2026-11-20,11220.3720703125,200.02972412109375
2026-11-21,10992.7138671875,181.59405517578125
2026-11-22,10855.767578125,176.32908630371094
2026-11-23,11390.001953125,207.774169921875
2026-11-24,11382.1982421875,216.69094848632812
2026-11-25,11299.3193359375,218.6475830078125
2026-11-26,11163.3525390625,230.95655822753903
2026-11-27,11144.66796875,228.75180053710935
2026-11-28,10940.021484375,212.04432678222656
2026-11-29,10826.6240234375,199.4927673339844
2026-11-30,11298.0361328125,230.7557830810547
2026-12-01,11348.5146484375,245.5184783935547
2026-12-02,11266.0146484375,246.40988159179688
2026-12-03,11131.638671875,246.9711456298828
2026-12-04,11117.9453125,253.63929748535156
2026-12-05,10909.0126953125,223.96241760253903
2026-12-06,10794.412109375,214.93739318847656
2026-12-07,11256.5361328125,259.3321838378906
2026-12-08,11168.4375,285.822509765625
2026-12-09,11082.234375,285.23663330078125
2026-12-10,10941.3046875,284.79840087890625
2026-12-11,10875.830078125,285.0840759277344
2026-12-12,10650.2548828125,235.6779937744141
2026-12-13,10345.435546875,212.7184600830078
2026-12-14,10619.7333984375,274.6278991699219
2026-12-15,10639.486328125,276.75
2026-12-16,10561.40625,272.9515075683594
2026-12-17,10458.326171875,278.4613037109375
2026-12-18,10409.88671875,278.4600524902344
2026-12-19,10120.138671875,232.39881896972656
2026-12-20,10073.798828125,221.519775390625
2026-12-21,10466.078125,269.4907531738281
2026-12-22,10451.1650390625,283.7835693359375
2026-12-23,10381.7802734375,266.8158874511719
2026-12-24,10148.8857421875,264.1153564453125
2026-12-25,10115.4814453125,264.04461669921875
2026-12-26,9912.73828125,225.7745056152344
2026-12-27,9798.80078125,205.8211669921875
2026-12-28,10198.791015625,254.69534301757812
2026-12-29,10218.146484375,238.32992553710935
2026-12-30,10136.40625,244.7843017578125
2026-12-31,10052.8876953125,240.0944671630859
2027-01-01,10048.294921875,245.757080078125
2027-01-02,9838.705078125,223.0858459472656
2027-01-03,9721.0146484375,227.7617950439453
2027-01-04,10146.736328125,254.0249938964844
2027-01-05,10214.5537109375,246.18402099609375
2027-01-06,10131.3603515625,249.1934509277344
2027-01-07,10048.123046875,251.37136840820312
2027-01-08,10005.0546875,270.0782470703125
2027-01-09,9790.50390625,242.2804412841797
2027-01-10,9670.8720703125,218.67921447753903
2027-01-11,10101.6123046875,266.2274169921875
2027-01-12,10165.416015625,291.07037353515625
2027-01-13,10123.2021484375,286.9657287597656
2027-01-14,10042.880859375,288.1380615234375
2027-01-15,10001.0029296875,288.2822570800781
2027-01-16,9795.5634765625,306.3251647949219
2027-01-17,9712.0166015625,296.655517578125
2027-01-18,10051.744140625,362.4655456542969
2027-01-19,10132.4326171875,337.4137268066406
2027-01-20,10097.7744140625,353.88726806640625
2027-01-21,10024.08984375,346.9609680175781
2027-01-22,9945.3671875,351.5335693359375
2027-01-23,9792.8720703125,262.78485107421875
2027-01-24,9703.32421875,260.1895446777344
2027-01-25,10098.626953125,328.8672180175781
2027-01-26,10179.2080078125,326.60174560546875
2027-01-27,10120.4404296875,324.4512939453125
2027-01-28,10031.302734375,317.5260009765625
2027-01-29,9956.8251953125,316.56243896484375
2027-01-30,9802.4794921875,280.9430847167969
2027-01-31,9712.931640625,278.62042236328125
2027-02-01,10098.626953125,297.8976745605469
2027-02-02,10179.2080078125,301.5799255371094
2027-02-03,10120.4404296875,300.190185546875
2027-02-04,10031.302734375,290.528076171875
2027-02-05,9956.8251953125,290.5746765136719
2027-02-06,9802.4794921875,279.5363464355469
2027-02-07,9712.931640625,275.9328308105469
2027-02-08,10098.626953125,302.9699401855469
2027-02-09,10179.2080078125,297.8075256347656
2027-02-10,10120.4404296875,303.51617431640625
2027-02-11,10031.302734375,290.2091369628906
2027-02-12,9964.87109375,288.97454833984375
2027-02-13,9802.4794921875,276.388671875
2027-02-14,9716.9833984375,273.650634765625
2027-02-15,10098.626953125,300.29119873046875
2027-02-16,10179.2080078125,300.2010498046875
2027-02-17,10128.9482421875,298.56890869140625
2027-02-18,10040.119140625,290.52508544921875
2027-02-19,9956.8251953125,322.5068664550781
2027-02-20,9806.53125,268.1031188964844
2027-02-21,9732.0859375,264.2487487792969
2027-02-22,10098.626953125,308.65142822265625
2027-02-23,10179.2080078125,306.54473876953125
2027-02-24,10120.4404296875,297.64044189453125
2027-02-25,10039.3486328125,289.02593994140625
2027-02-26,9969.14453125,287.7083435058594
2027-02-27,9810.8046875,267.7576904296875
2027-02-28,9736.359375,264.46661376953125
2027-03-01,10098.626953125,303.9588928222656
2027-03-02,10179.2080078125,304.2099304199219
2027-03-03,10120.4404296875,297.64044189453125
2027-03-04,10031.302734375,321.1084289550781
2027-03-05,9961.0986328125,322.31689453125
2027-03-06,9806.7529296875,276.7792053222656
2027-03-07,9736.359375,274.2444152832031
2027-03-08,10098.626953125,304.1058654785156
2027-03-09,10179.2080078125,299.514892578125
2027-03-10,10120.4404296875,292.9454040527344
2027-03-11,10039.3486328125,283.4720153808594
2027-03-12,9969.14453125,282.04229736328125
2027-03-13,9810.8046875,271.07830810546875
2027-03-14,9736.359375,268.18719482421875
2027-03-15,10098.626953125,298.76629638671875
2027-03-16,10171.2236328125,303.3485412597656
2027-03-17,10120.4404296875,292.0865173339844
2027-03-18,10031.302734375,315.8243713378906
2027-03-19,9969.7998046875,316.8858642578125
2027-03-20,9819.505859375,272.3517150878906
2027-03-21,9758.6787109375,260.5361328125
2027-03-22,10100.0380859375,305.65234375
2027-03-23,10180.619140625,305.5421142578125
2027-03-24,10138.537109375,294.28009033203125
2027-03-25,10070.484375,285.66558837890625
2027-03-26,10032.8798828125,284.2358703613281
2027-03-27,9833.1240234375,272.8349304199219
2027-03-28,9758.6787109375,269.5227966308594
2027-03-29,10102.3173828125,305.65234375
2027-03-30,10182.8984375,305.5421142578125
2027-03-31,10145.591796875,294.28009033203125
2027-04-01,10073.9052734375,316.69879150390625
2027-04-02,10036.30078125,317.7602844238281
2027-04-03,9848.1201171875,262.2312316894531
2027-04-04,9773.6748046875,256.07183837890625
2027-04-05,10128.263671875,259.3171691894531
2027-04-06,10218.1708984375,296.9049377441406
2027-04-07,10163.5322265625,289.82916259765625
2027-04-08,10095.4794921875,281.97357177734375
2027-04-09,10079.40625,283.47314453125
2027-04-10,9936.6728515625,260.9005126953125
2027-04-11,9842.5634765625,275.3127746582031
2027-04-12,10200.8515625,325.8948669433594
2027-04-13,10266.693359375,301.721923828125
2027-04-14,10206.173828125,290.19281005859375
2027-04-15,10130.0751953125,309.79864501953125
2027-04-16,10122.818359375,317.00799560546875
2027-04-17,9973.6416015625,251.77330017089844
2027-04-18,9828.91015625,226.7121734619141
2027-04-19,10220.6025390625,266.5758972167969
2027-04-20,10268.208984375,300.3135986328125
2027-04-21,10206.173828125,291.1422119140625
2027-04-22,10138.12109375,282.77728271484375
2027-04-23,10130.8642578125,280.7311706542969
2027-04-24,9969.58984375,278.6739196777344
2027-04-25,9845.537109375,276.8939208984375
2027-04-26,10179.4453125,347.2574462890625
2027-04-27,10268.208984375,304.23974609375
2027-04-28,10206.173828125,292.71063232421875
2027-04-29,10130.0751953125,311.8494567871094
2027-04-30,10122.818359375,313.8594970703125
2027-05-01,9973.6416015625,256.6891784667969
2027-05-02,9843.73046875,231.54335021972656
2027-05-03,10226.716796875,295.74884033203125
2027-05-04,10268.208984375,303.38623046875
2027-05-05,10206.173828125,300.365234375
2027-05-06,10138.12109375,285.9681396484375
2027-05-07,10130.8642578125,288.11029052734375
2027-05-08,9965.1337890625,264.0809631347656
2027-05-09,9841.0810546875,270.37847900390625
2027-05-10,10226.716796875,303.14892578125
2027-05-11,10268.208984375,300.9025573730469
2027-05-12,10212.9013671875,294.33306884765625
2027-05-13,10136.802734375,312.7789611816406
2027-05-14,10129.5458984375,320.6194763183594
2027-05-15,9971.861328125,255.57077026367188
2027-05-16,9841.9501953125,229.59341430664065
2027-05-17,10233.4443359375,292.98651123046875
2027-05-18,10274.9365234375,299.7546691894531
2027-05-19,10212.9013671875,303.8277893066406
2027-05-20,10144.8486328125,286.9380798339844
2027-05-21,10137.591796875,289.0802307128906
2027-05-22,9967.8095703125,281.8092041015625
2027-05-23,9847.80859375,272.633544921875
2027-05-24,10233.4443359375,302.25885009765625
2027-05-25,10274.9365234375,302.14862060546875
2027-05-26,10212.9013671875,297.2607727050781
2027-05-27,10136.802734375,314.4958190917969
2027-05-28,10129.5458984375,322.3363342285156
2027-05-29,9971.861328125,257.579833984375
2027-05-30,9841.9501953125,231.87939453125
2027-05-31,10245.5419921875,268.9404296875
2027-06-01,10274.9365234375,305.72265625
2027-06-02,10212.9013671875,297.25335693359375
2027-06-03,10144.8486328125,288.888427734375
2027-06-04,10137.591796875,287.4848937988281
2027-06-05,9971.861328125,267.3085632324219
2027-06-06,9843.7568359375,276.0596008300781
2027-06-07,10233.4443359375,330.4048767089844
2027-06-08,10274.9365234375,309.1746826171875
2027-06-09,10212.9013671875,297.44317626953125
2027-06-10,10136.802734375,314.77008056640625
2027-06-11,10129.5458984375,320.9854431152344
2027-06-12,9971.861328125,265.5699462890625
2027-06-13,9847.80859375,261.2204895019531
2027-06-14,10233.4443359375,319.69598388671875
2027-06-15,10274.9365234375,322.60272216796875
2027-06-16,10212.9013671875,319.0256042480469
2027-06-17,10136.802734375,307.09552001953125
2027-06-18,10129.5458984375,305.6782531738281
2027-06-19,9967.8095703125,285.6672668457031
2027-06-20,9843.7568359375,280.2875061035156
2027-06-21,10233.4443359375,320.6522216796875
2027-06-22,10274.9365234375,326.2401428222656
2027-06-23,10212.9013671875,314.4302673339844
2027-06-24,10136.802734375,307.2605285644531
2027-06-25,10129.5458984375,310.36669921875
2027-06-26,9967.8095703125,281.6352233886719
2027-06-27,9838.107421875,278.30511474609375
2027-06-28,10232.3095703125,331.70361328125
2027-06-29,10269.287109375,329.51202392578125
2027-06-30,10189.4521484375,338.19744873046875
2027-07-01,10127.3095703125,321.321044921875
2027-07-02,10120.052734375,319.9037780761719
2027-07-03,9949.5,303.90350341796875
2027-07-04,9834.263671875,296.7358093261719
2027-07-05,10199.40625,341.74700927734375
2027-07-06,10238.7412109375,342.7169494628906
2027-07-07,10189.4521484375,337.880126953125
2027-07-08,10127.3095703125,329.51519775390625
2027-07-09,10120.052734375,326.2425842285156
2027-07-10,9953.5517578125,262.5113525390625
2027-07-11,9838.3154296875,252.2786407470703
2027-07-12,10228.4658203125,303.64215087890625
2027-07-13,10238.7412109375,348.4039001464844
2027-07-14,10189.4521484375,337.67193603515625
2027-07-15,10122.947265625,329.3070068359375
2027-07-16,10115.6904296875,326.03436279296875
2027-07-17,9945.1376953125,290.61859130859375
2027-07-18,9822.6181640625,297.0086364746094
2027-07-19,10187.7607421875,344.8136291503906
2027-07-20,10227.095703125,344.8136291503906
2027-07-21,10177.806640625,339.284912109375
2027-07-22,10115.6640625,330.91998291015625
2027-07-23,10099.5908203125,327.6473388671875
2027-07-24,9941.90625,264.12432861328125
2027-07-25,9826.669921875,253.89163208007812
2027-07-26,10216.8203125,300.1972351074219
2027-07-27,10227.095703125,345.2367858886719
2027-07-28,10177.806640625,339.284912109375
2027-07-29,10115.6640625,330.91998291015625
2027-07-30,10099.5908203125,330.3210144042969
2027-07-31,9937.8544921875,292.0469055175781
2027-08-01,9816.23046875,298.0525817871094
2027-08-02,10174.3134765625,341.73394775390625
2027-08-03,10213.6484375,341.73394775390625
2027-08-04,10168.2021484375,341.4630126953125
2027-08-05,10092.103515625,333.5662841796875
2027-08-06,10093.203125,330.5679931640625
2027-08-07,9933.8330078125,264.1866149902344
2027-08-08,9814.5654296875,253.95391845703125
2027-08-09,10194.9736328125,304.79266357421875
2027-08-10,10197.6953125,347.650146484375
2027-08-11,10150.171875,340.0018005371094
2027-08-12,10074.0732421875,334.2208557128906
2027-08-13,10054.9072265625,331.2225646972656
2027-08-14,9883.04296875,292.8919677734375
2027-08-15,9792.0205078125,298.6506652832031
2027-08-16,10141.884765625,345.95367431640625
2027-08-17,10166.1689453125,361.8245849609375
2027-08-18,10081.9306640625,362.5194091796875
2027-08-19,9997.015625,354.6226806640625
2027-08-20,9938.3603515625,353.9256591796875
2027-08-21,9798.771484375,288.72845458984375
2027-08-22,9711.90625,278.4955749511719
2027-08-23,10047.59765625,429.3167724609375
2027-08-24,10082.462890625,458.12548828125
2027-08-25,10068.97265625,450.0664978027344
2027-08-26,9968.94921875,503.8360595703125
2027-08-27,9935.966796875,495.6881713867187
2027-08-28,9790.4248046875,464.14898681640625
2027-08-29,9702.1015625,455.2135009765625
2027-08-30,10039.06640625,537.1646118164062
2027-08-31,10037.1953125,590.232177734375
2027-09-01,9994.8720703125,581.8525390625
2027-09-02,9918.7734375,515.2681274414062
2027-09-03,9924.474609375,479.1569519042969
2027-09-04,9778.9326171875,448.56494140625
2027-09-05,9659.5703125,432.7758483886719
2027-09-06,10029.0322265625,491.4551696777344
2027-09-07,10027.1611328125,489.4703369140625
2027-09-08,9992.1396484375,489.7588195800781
2027-09-09,9916.041015625,458.5923156738281
2027-09-10,9922.0478515625,453.1806335449219
2027-09-11,9785.013671875,425.6179809570313
2027-09-12,9656.208984375,409.8288879394531
2027-09-13,10005.1396484375,465.6430969238281
2027-09-14,10003.2685546875,462.8861083984375
2027-09-15,9978.3232421875,462.4144287109375
2027-09-16,9899.33984375,455.6417236328125
2027-09-17,9900.5634765625,432.10491943359375
2027-09-18,9756.537109375,401.0137634277344
2027-09-19,9635.08984375,385.66302490234375
2027-09-20,9982.0703125,441.0388793945313
2027-09-21,9980.19921875,441.7555847167969
2027-09-22,9956.5517578125,435.02288818359375
2027-09-23,9885.212890625,435.02288818359375
2027-09-24,9902.154296875,430.21630859375
2027-09-25,9745.4404296875,403.0827941894531
2027-09-26,9628.572265625,345.4588928222656
2027-09-27,9998.22265625,387.7726135253906
2027-09-28,9996.3515625,435.0173034667969
2027-09-29,9972.7041015625,434.427734375
2027-09-30,9882.6826171875,433.5879821777344
2027-10-01,9900.12109375,429.3765563964844
2027-10-02,9743.4072265625,403.0827941894531
2027-10-03,9630.0458984375,352.5284423828125
2027-10-04,9996.189453125,387.5837707519531
2027-10-05,9994.318359375,433.79052734375
2027-10-06,9966.771484375,433.2009582519531
2027-10-07,9882.6826171875,433.2009582519531
2027-10-08,9900.12109375,428.9895324707031
2027-10-09,9743.4072265625,402.6957702636719
2027-10-10,9630.0458984375,352.14141845703125
2027-10-11,9988.5791015625,387.1967468261719
2027-10-12,9994.318359375,435.7060852050781
2027-10-13,9970.6708984375,433.90814208984375
2027-10-14,9886.58203125,434.14752197265625
2027-10-15,9900.12109375,432.9099426269531
2027-10-16,9743.4072265625,399.2021484375
2027-10-17,9626.5390625,348.6477966308594
2027-10-18,9988.5791015625,399.6146545410156
2027-10-19,9994.318359375,432.80670166015625
2027-10-20,9970.6708984375,429.4679565429687
2027-10-21,9886.58203125,430.88519287109375
2027-10-22,9900.12109375,426.67376708984375
2027-10-23,9743.4072265625,400.3800048828125
2027-10-24,9630.0458984375,349.8830871582031
2027-10-25,9988.5791015625,400.7664489746094
2027-10-26,9994.318359375,436.1210021972656
2027-10-27,9970.6708984375,433.48828125
2027-10-28,9886.58203125,430.942626953125
2027-10-29,9900.12109375,426.731201171875
2027-10-30,9743.4072265625,400.43743896484375
2027-10-31,9630.0458984375,349.8830871582031
2027-11-01,9988.5791015625,399.7946166992187
2027-11-02,9994.318359375,435.5970764160156
2027-11-03,9970.6708984375,433.0258483886719
2027-11-04,9886.58203125,430.6996154785156
2027-11-05,9900.12109375,426.4881896972656
2027-11-06,9743.4072265625,400.1944274902344
2027-11-07,9630.0458984375,349.64007568359375
2027-11-08,9988.5791015625,401.1712646484375
2027-11-09,9994.318359375,436.5392761230469
2027-11-10,9970.6708984375,433.7872009277344
2027-11-11,9886.58203125,430.6996154785156
2027-11-12,9900.12109375,426.4881896972656
2027-11-13,9743.4072265625,400.1944274902344
2027-11-14,9630.0458984375,349.64007568359375
2027-11-15,9988.5791015625,401.3029174804687
2027-11-16,9994.318359375,436.56011962890625
2027-11-17,9970.6708984375,432.6664123535156
2027-11-18,9886.58203125,430.6996154785156
2027-11-19,9900.12109375,426.4881896972656
2027-11-20,9743.4072265625,400.1944274902344
2027-11-21,9630.0458984375,349.1000061035156
2027-11-22,9988.5791015625,400.7628479003906
2027-11-23,9994.318359375,436.0200500488281
2027-11-24,9970.6708984375,432.1263427734375
2027-11-25,9886.58203125,430.1595458984375
2027-11-26,9909.4580078125,425.9481201171875
2027-11-27,9752.744140625,400.0229797363281
2027-11-28,9639.3828125,349.4686279296875
2027-11-29,9997.916015625,401.4751892089844
2027-11-30,9990.3330078125,436.7323913574219
2027-12-01,9966.685546875,432.8386840820313
2027-12-02,9882.5966796875,430.5281677246094
2027-12-03,9896.1357421875,426.3167419433594
2027-12-04,9739.421875,400.2994995117187
2027-12-05,9626.060546875,349.7451477050781
2027-12-06,9984.59375,400.2481994628906
2027-12-07,9990.3330078125,435.5054016113281
2027-12-08,9966.685546875,431.9654235839844
2027-12-09,9882.5966796875,431.63616943359375
2027-12-10,9896.1357421875,427.42474365234375
2027-12-11,9739.421875,400.1805419921875
2027-12-12,9626.060546875,350.4174499511719
2027-12-13,9980.232421875,401.1506042480469
2027-12-14,9985.9716796875,436.4078063964844
2027-12-15,9962.32421875,432.51409912109375
2027-12-16,9872.5205078125,430.6857299804687
2027-12-17,9868.8515625,426.4743041992187
2027-12-18,9705.3603515625,400.1805419921875
2027-12-19,9588.3486328125,350.4174499511719
2027-12-20,9944.8515625,400.4147644042969
2027-12-21,9947.716796875,437.09613037109375
2027-12-22,9928.9736328125,433.2024230957031
2027-12-23,9844.884765625,427.0704650878906
2027-12-24,9836.1103515625,410.4747924804687
2027-12-25,9699.4169921875,389.49560546875
2027-12-26,9601.474609375,339.1013488769531
2027-12-27,9944.8515625,375.9709777832031
2027-12-28,9947.716796875,417.56500244140625
2027-12-29,9926.099609375,413.6712951660156
2027-12-30,9842.0107421875,414.2630004882813
2027-12-31,9833.236328125,410.0515747070313
2028-01-01,9707.5,456.43267822265625
2028-01-02,9619.5693359375,388.5652770996094
2028-01-03,10008.7880859375,452.5932312011719
2028-01-04,10034.7529296875,475.4942932128906
2028-01-05,9988.4228515625,479.929443359375
2028-01-06,9902.99609375,489.7681884765625
2028-01-07,9902.673828125,486.9930725097656
2028-01-08,9743.9609375,456.9187927246094
2028-01-09,9632.044921875,440.7459106445313
2028-01-10,10010.025390625,480.4393005371094
2028-01-11,10034.7529296875,475.7644653320313
2028-01-12,9988.4228515625,479.7135009765625
2028-01-13,9908.1015625,490.6266784667969
2028-01-14,9907.779296875,489.0633239746094
2028-01-15,9743.9609375,458.9890441894531
2028-01-16,9644.072265625,442.6990356445313
2028-01-17,10022.052734375,482.1764831542969
2028-01-18,10046.7802734375,475.6473388671875
2028-01-19,10045.31640625,481.7308654785156
2028-01-20,9964.9951171875,491.5696105957031
2028-01-21,9923.2568359375,489.0104370117187
2028-01-22,9756.328125,460.04541015625
2028-01-23,9649.4716796875,427.1287841796875
2028-01-24,10030.2392578125,483.2857360839844
2028-01-25,10050.23046875,475.7115783691406
2028-01-26,10045.31640625,480.8752136230469
2028-01-27,9964.9951171875,476.897216796875
2028-01-28,9923.2568359375,473.1377868652344
2028-01-29,9761.4794921875,442.6343688964844
2028-01-30,9654.623046875,426.46148681640625
2028-01-31,10030.2392578125,492.8034973144531
2028-02-01,10050.23046875,482.8746032714844
2028-02-02,10045.31640625,492.0115661621094
2028-02-03,9964.9951171875,492.0115661621094
2028-02-04,9923.2568359375,489.452392578125
2028-02-05,9761.4794921875,459.3781127929687
2028-02-06,9654.623046875,443.2052307128906
2028-02-07,10030.2392578125,493.09222412109375
2028-02-08,10050.23046875,493.6648864746094
2028-02-09,10049.22265625,492.9631042480469
2028-02-10,9968.9013671875,492.9631042480469
2028-02-11,9927.1630859375,490.4039306640625
2028-02-12,9769.5654296875,460.32965087890625
2028-02-13,9654.623046875,446.0950317382813
2028-02-14,10030.2392578125,495.9286193847656
2028-02-15,10050.23046875,495.8384704589844
2028-02-16,10049.22265625,494.9013671875
2028-02-17,9968.9013671875,494.5918884277344
2028-02-18,9927.1630859375,492.03271484375
2028-02-19,9769.5654296875,461.95843505859375
2028-02-20,9662.708984375,445.7855529785156
2028-02-21,10030.2392578125,496.0311279296875
2028-02-22,10054.13671875,496.2821960449219
2028-02-23,10049.22265625,495.3450927734375
2028-02-24,9968.9013671875,495.3450927734375
2028-02-25,9931.4365234375,492.6834106445313
2028-02-26,9773.8388671875,462.609130859375
2028-02-27,9666.982421875,446.4362487792969
2028-02-28,10030.2392578125,496.0311279296875
2028-02-29,10054.13671875,496.2821960449219
2028-03-01,10049.22265625,495.3450927734375
2028-03-02,9968.9013671875,495.3450927734375
2028-03-03,9931.4365234375,492.6834106445313
2028-03-04,9773.8388671875,462.609130859375
2028-03-05,9666.982421875,446.4362487792969
2028-03-06,10030.2392578125,496.0311279296875
2028-03-07,10054.13671875,496.2821960449219
2028-03-08,10056.4326171875,491.3140563964844
2028-03-09,9976.111328125,491.3140563964844
2028-03-10,9931.4365234375,488.6523742675781
2028-03-11,9773.8388671875,458.5780944824219
2028-03-12,9666.982421875,442.40521240234375
2028-03-13,10030.2392578125,492.3614196777344
2028-03-14,10054.13671875,492.2511596679687
2028-03-15,10056.4326171875,491.3140563964844
2028-03-16,9976.111328125,491.3140563964844
2028-03-17,9938.646484375,488.6523742675781
2028-03-18,9782.5400390625,458.5780944824219
2028-03-19,9675.68359375,442.40521240234375
2028-03-20,10031.650390625,492.3614196777344
2028-03-21,10055.5478515625,492.2511596679687
2028-03-22,10074.529296875,491.3140563964844
2028-03-23,9998.4306640625,491.3140563964844
2028-03-24,9960.9658203125,488.6523742675781
2028-03-25,9803.3681640625,458.5780944824219
2028-03-26,9712.611328125,442.40521240234375
2028-03-27,10035.556640625,492.3614196777344
2028-03-28,10057.8271484375,492.2511596679687
2028-03-29,10081.583984375,491.3140563964844
2028-03-30,10027.0166015625,491.3140563964844
2028-03-31,9968.0205078125,488.6523742675781
2028-04-01,9818.3642578125,458.9481506347656
2028-04-02,9743.9189453125,442.7752685546875
2028-04-03,10037.8359375,492.7314758300781
2028-04-04,10082.107421875,490.0815734863281
2028-04-05,10125.123046875,489.14447021484375
2028-04-06,10060.9326171875,489.14447021484375
2028-04-07,10034.5361328125,486.1065979003906
2028-04-08,9846.0439453125,455.6949462890625
2028-04-09,9771.5986328125,439.5220642089844
2028-04-10,10060.7958984375,490.19183349609375
2028-04-11,10139.3740234375,490.0815734863281
2028-04-12,10137.03125,489.14447021484375
2028-04-13,10062.4482421875,489.14447021484375
2028-04-14,10036.0517578125,485.8663940429687
2028-04-15,9847.5595703125,455.6949462890625
2028-04-16,9773.1142578125,439.5220642089844
2028-04-17,10075.0703125,490.19183349609375
2028-04-18,10140.8896484375,490.0815734863281
2028-04-19,10138.546875,489.14447021484375
2028-04-20,10062.4482421875,489.14447021484375
2028-04-21,10027.5439453125,485.8663940429687
2028-04-22,9847.5595703125,455.6949462890625
2028-04-23,9773.1142578125,439.5220642089844
2028-04-24,10075.0703125,490.8549499511719
2028-04-25,10140.8896484375,490.74468994140625
2028-04-26,10138.546875,489.8075866699219
2028-04-27,10062.4482421875,489.8075866699219
2028-04-28,10027.5439453125,486.5295104980469
2028-04-29,9847.5595703125,456.3580627441406
2028-04-30,9773.1142578125,440.1851806640625
2028-05-01,10093.2822265625,490.8549499511719
2028-05-02,10162.4208984375,490.74468994140625
2028-05-03,10138.546875,490.40325927734375
2028-05-04,10055.3984375,490.40325927734375
2028-05-05,10029.001953125,487.1251831054687
2028-05-06,9847.5595703125,456.9537353515625
2028-05-07,9773.1142578125,440.7808532714844
2028-05-08,10093.2822265625,491.45062255859375
2028-05-09,10162.4208984375,491.3403625488281
2028-05-10,10140.0048828125,490.40325927734375
2028-05-11,10062.1259765625,490.40325927734375
2028-05-12,10035.7294921875,487.1251831054687
2028-05-13,9855.7451171875,456.9537353515625
2028-05-14,9779.841796875,440.7808532714844
2028-05-15,10100.009765625,491.45062255859375
2028-05-16,10169.1484375,491.3403625488281
2028-05-17,10138.224609375,490.40325927734375
2028-05-18,10062.1259765625,490.40325927734375
2028-05-19,10035.7294921875,487.1251831054687
2028-05-20,9855.7451171875,456.9537353515625
2028-05-21,9779.841796875,440.7808532714844
2028-05-22,10100.009765625,491.45062255859375
2028-05-23,10169.1484375,491.3403625488281
2028-05-24,10138.224609375,490.40325927734375
2028-05-25,10062.1259765625,490.40325927734375
2028-05-26,10035.7294921875,487.1251831054687
2028-05-27,9855.7451171875,456.9537353515625
2028-05-28,9779.841796875,440.7808532714844
2028-05-29,10100.009765625,491.45062255859375
2028-05-30,10169.1484375,491.3403625488281
2028-05-31,10138.224609375,490.40325927734375
2028-06-01,10062.1259765625,490.8321228027344
2028-06-02,10035.7294921875,487.5540466308594
2028-06-03,9855.7451171875,457.3825988769531
2028-06-04,9779.841796875,441.209716796875
2028-06-05,10100.009765625,491.8794860839844
2028-06-06,10169.1484375,491.7692260742187
2028-06-07,10138.224609375,490.8321228027344
2028-06-08,10062.1259765625,490.8321228027344
2028-06-09,10035.7294921875,487.5540466308594
2028-06-10,9855.7451171875,462.8194885253906
2028-06-11,9781.2998046875,448.47998046875
2028-06-12,10100.009765625,499.0662841796875
2028-06-13,10170.6064453125,504.8639831542969
2028-06-14,10138.224609375,509.1348571777344
2028-06-15,10062.1259765625,509.1348571777344
2028-06-16,10035.7294921875,505.8436279296875
2028-06-17,9840.76953125,475.7694091796875
2028-06-18,9781.2998046875,459.5965270996094
2028-06-19,10100.009765625,508.69427490234375
2028-06-20,10169.1484375,508.69427490234375
2028-06-21,10138.224609375,508.1046752929687
2028-06-22,10062.1259765625,508.1046752929687
2028-06-23,10035.7294921875,506.00823974609375
2028-06-24,9840.76953125,480.4578247070313
2028-06-25,9779.841796875,464.2849426269531
2028-06-26,10098.875,514.4130859375
2028-06-27,10163.4990234375,515.9619140625
2028-06-28,10132.5751953125,515.3723754882812
2028-06-29,10052.6328125,519.3788452148438
2028-06-30,10026.236328125,516.0869750976562
2028-07-01,9831.2763671875,486.0130920410156
2028-07-02,9770.3486328125,472.7394409179687
2028-07-03,10095.03125,522.8677978515625
2028-07-04,10159.6552734375,522.8677978515625
2028-07-05,10128.7314453125,522.7272338867188
2028-07-06,10052.6328125,523.8423461914062
2028-07-07,10026.236328125,520.55029296875
2028-07-08,9831.2763671875,490.4763488769531
2028-07-09,9770.3486328125,474.303466796875
2028-07-10,10095.03125,524.431884765625
2028-07-11,10159.6552734375,524.431884765625
2028-07-12,10128.7314453125,523.8423461914062
2028-07-13,10052.6328125,523.8423461914062
2028-07-14,10021.8740234375,520.55029296875
2028-07-15,9826.9140625,490.4763488769531
2028-07-16,9765.986328125,474.303466796875
2028-07-17,10083.3857421875,524.431884765625
2028-07-18,10148.009765625,524.431884765625
2028-07-19,10117.0859375,523.8423461914062
2028-07-20,10032.1708984375,523.8423461914062
2028-07-21,9971.716796875,520.55029296875
2028-07-22,9818.1728515625,490.4763488769531
2028-07-23,9758.703125,474.303466796875
2028-07-24,10083.3857421875,524.431884765625
2028-07-25,10148.009765625,524.431884765625
2028-07-26,10115.6279296875,523.8423461914062
2028-07-27,10030.712890625,523.8423461914062
2028-07-28,9971.716796875,520.55029296875
2028-07-29,9818.1728515625,490.4763488769531
2028-07-30,9758.703125,474.303466796875
2028-07-31,10083.3857421875,524.431884765625
2028-08-01,10134.5625,524.431884765625
2028-08-02,10106.0234375,523.8423461914062
2028-08-03,10021.1083984375,523.8423461914062
2028-08-04,9965.3291015625,520.55029296875
2028-08-05,9811.78515625,490.4763488769531
2028-08-06,9750.6298828125,474.303466796875
2028-08-07,10061.5390625,524.431884765625
2028-08-08,10104.6318359375,524.431884765625
2028-08-09,10081.25390625,523.8423461914062
2028-08-10,10003.078125,523.8423461914062
2028-08-11,9948.564453125,520.55029296875
2028-08-12,9795.0205078125,490.4763488769531
2028-08-13,9713.0029296875,474.303466796875
2028-08-14,10041.4599609375,524.431884765625
2028-08-15,10081.0048828125,524.431884765625
2028-08-16,10045.9833984375,540.3817138671875
2028-08-17,9969.884765625,541.3474731445312
2028-08-18,9936.90234375,537.1360473632812
2028-08-19,9784.892578125,508.9925537109375
2028-08-20,9665.5302734375,495.9649658203125
2028-08-21,10041.4599609375,548.3032836914062
2028-08-22,10081.0048828125,603.5877075195312
2028-08-23,10045.9833984375,607.6480102539062
2028-08-24,9969.884765625,607.6480102539062
2028-08-25,9934.5087890625,604.1956787109375
2028-08-26,9782.4990234375,570.5472412109375
2028-08-27,9669.1376953125,554.3743286132812
2028-08-28,10033.0146484375,608.9966430664062
2028-08-29,10037.1953125,608.9966430664062
2028-08-30,10002.173828125,605.6821899414062
2028-08-31,9926.0751953125,605.6821899414062
2028-09-01,9927.20703125,525.3720703125
2028-09-02,9774.396484375,458.77587890625
2028-09-03,9661.03515625,442.6029968261719
2028-09-04,10015.7705078125,493.73974609375
2028-09-05,10013.8994140625,493.73974609375
2028-09-06,9994.595703125,493.1501770019531
2028-09-07,9909.9892578125,491.685546875
2028-09-08,9911.212890625,458.4046936035156
2028-09-09,9764.759765625,431.2711791992187
2028-09-10,9651.3984375,415.0982971191406
2028-09-11,10007.0380859375,463.2056884765625
2028-09-12,9999.3623046875,463.2056884765625
2028-09-13,9979.62109375,459.4327087402344
2028-09-14,9892.1298828125,459.4327087402344
2028-09-15,9909.0712890625,455.2212829589844
2028-09-16,9748.451171875,407.3811340332031
2028-09-17,9635.08984375,387.5050659179687
2028-09-18,10001.2333984375,435.6124572753906
2028-09-19,9980.19921875,435.6124572753906
2028-09-20,9956.5517578125,435.02288818359375
2028-09-21,9863.955078125,435.02288818359375
2028-09-22,9884.9462890625,430.81146240234375
2028-09-23,9745.4404296875,403.0827941894531
2028-09-24,9632.0791015625,386.909912109375
2028-09-25,9998.22265625,435.0173034667969
2028-09-26,9996.3515625,435.0173034667969
2028-09-27,9972.7041015625,434.427734375
2028-09-28,9888.615234375,434.427734375
2028-09-29,9895.015625,429.3765563964844
2028-09-30,9743.4072265625,403.0827941894531
2028-10-01,9630.0458984375,386.909912109375
2028-10-02,9996.189453125,434.1775512695313
2028-10-03,9994.318359375,434.1775512695313
2028-10-04,9970.6708984375,433.2009582519531
2028-10-05,9886.58203125,433.2009582519531
2028-10-06,9900.12109375,428.9895324707031
2028-10-07,9743.4072265625,402.6957702636719
2028-10-08,9630.0458984375,386.52288818359375
2028-10-09,9988.5791015625,433.79052734375
2028-10-10,9994.318359375,435.7060852050781
2028-10-11,9970.6708984375,433.2009582519531
2028-10-12,9886.58203125,434.14752197265625
2028-10-13,9900.12109375,429.93609619140625
2028-10-14,9743.4072265625,406.6161804199219
2028-10-15,9630.0458984375,383.0292663574219
2028-10-16,9988.5791015625,431.70855712890625
2028-10-17,9994.318359375,432.80670166015625
2028-10-18,9970.6708984375,429.4679565429687
2028-10-19,9886.58203125,429.7073364257813
2028-10-20,9900.12109375,426.67376708984375
2028-10-21,9743.4072265625,400.3800048828125
2028-10-22,9630.0458984375,349.8256530761719
2028-10-23,9988.5791015625,400.7664489746094
2028-10-24,9994.318359375,433.95849609375
2028-10-25,9970.6708984375,430.7032470703125
2028-10-26,9886.58203125,430.942626953125
2028-10-27,9900.12109375,426.731201171875
2028-10-28,9743.4072265625,400.43743896484375
2028-10-29,9630.0458984375,349.8830871582031
2028-10-30,9988.5791015625,400.7835693359375
2028-10-31,9994.318359375,433.44873046875
2028-11-01,9970.6708984375,430.4602355957031
2028-11-02,9886.58203125,430.6996154785156
2028-11-03,9900.12109375,426.4881896972656
2028-11-04,9743.4072265625,400.1944274902344
2028-11-05,9630.0458984375,349.64007568359375
2028-11-06,9988.5791015625,400.8951721191406
2028-11-07,9994.318359375,434.3767700195313
2028-11-08,9970.6708984375,430.4602355957031
2028-11-09,9886.58203125,430.6996154785156
2028-11-10,9900.12109375,426.4881896972656
2028-11-11,9743.4072265625,400.1944274902344
2028-11-12,9630.0458984375,349.64007568359375
2028-11-13,9988.5791015625,401.3029174804687
2028-11-14,9994.318359375,434.3976135253906
2028-11-15,9970.6708984375,430.4602355957031
2028-11-16,9886.58203125,430.6996154785156
2028-11-17,9900.12109375,426.4881896972656
2028-11-18,9743.4072265625,400.1944274902344
2028-11-19,9630.0458984375,349.64007568359375
2028-11-20,9988.5791015625,400.7628479003906
2028-11-21,9994.318359375,436.0200500488281
2028-11-22,9970.6708984375,432.1263427734375
2028-11-23,9886.58203125,430.1595458984375
2028-11-24,9900.12109375,425.9481201171875
2028-11-25,9752.744140625,399.65435791015625
2028-11-26,9639.3828125,349.4686279296875
2028-11-27,9997.916015625,401.370849609375
2028-11-28,10003.6552734375,436.7323913574219
2028-11-29,9966.685546875,432.8386840820313
2028-11-30,9882.5966796875,430.5281677246094
2028-12-01,9896.1357421875,426.3167419433594
2028-12-02,9739.421875,400.0229797363281
2028-12-03,9626.060546875,349.7451477050781
2028-12-04,9984.59375,401.751708984375
2028-12-05,9990.3330078125,435.5054016113281
2028-12-06,9966.685546875,431.6116943359375
2028-12-07,9882.5966796875,429.6549072265625
2028-12-08,9896.1357421875,427.42474365234375
2028-12-09,9739.421875,401.1309814453125
2028-12-10,9626.060546875,350.4174499511719
2028-12-11,9984.59375,401.63275146484375
2028-12-12,9985.9716796875,436.4078063964844
2028-12-13,9962.32421875,432.51409912109375
2028-12-14,9878.2353515625,430.6857299804687
2028-12-15,9868.8515625,426.4743041992187
2028-12-16,9705.3603515625,400.1805419921875
2028-12-17,9615.984375,350.4174499511719
2028-12-18,9944.8515625,400.4147644042969
2028-12-19,9947.716796875,437.09613037109375
2028-12-20,9928.9736328125,433.2024230957031
2028-12-21,9844.884765625,430.6857299804687
2028-12-22,9836.1103515625,422.8590393066406
2028-12-23,9699.4169921875,389.49560546875
2028-12-24,9601.474609375,339.5245666503906
2028-12-25,9944.8515625,375.9709777832031
2028-12-26,9947.716796875,417.56500244140625
2028-12-27,9926.099609375,413.6712951660156
2028-12-28,9842.0107421875,414.2630004882813
2028-12-29,9833.236328125,410.0515747070313
2028-12-30,9699.4169921875,389.0723876953125
2028-12-31,9601.474609375,339.1013488769531
2029-01-01,10008.7880859375,415.8508605957031
2029-01-02,10033.515625,475.4942932128906
2029-01-03,9987.185546875,479.4433288574219
2029-01-04,9902.99609375,489.2820739746094
2029-01-05,9902.673828125,486.9930725097656
2029-01-06,9743.9609375,456.9187927246094
2029-01-07,9632.044921875,389.1567687988281
2029-01-08,10010.025390625,480.4393005371094
2029-01-09,10034.7529296875,475.98040771484375
2029-01-10,9988.4228515625,479.929443359375
2029-01-11,9908.1015625,489.55224609375
2029-01-12,9907.779296875,486.9930725097656
2029-01-13,9743.9609375,457.99322509765625
2029-01-14,9632.044921875,442.816162109375
2029-01-15,10010.025390625,482.2936096191406
2029-01-16,10046.7802734375,475.6473388671875
2029-01-17,10045.31640625,481.6666259765625
2029-01-18,9964.9951171875,491.50537109375
2029-01-19,9923.2568359375,489.0104370117187
2029-01-20,9756.328125,458.9361572265625
2029-01-21,9649.4716796875,426.01953125
2029-01-22,10022.052734375,483.2857360839844
2029-01-23,10050.23046875,475.7115783691406
2029-01-24,10045.31640625,481.5425109863281
2029-01-25,9964.9951171875,477.56451416015625
2029-01-26,9923.2568359375,473.1377868652344
2029-01-27,9756.328125,442.6343688964844
2029-01-28,9649.4716796875,426.46148681640625
2029-01-29,10030.2392578125,482.9647521972656
2029-01-30,10050.23046875,475.0442810058594
2029-01-31,10045.31640625,482.1728210449219
2029-02-01,9964.9951171875,492.0115661621094
2029-02-02,9923.2568359375,489.452392578125
2029-02-03,9761.4794921875,459.3781127929687
2029-02-04,9654.623046875,443.2052307128906
2029-02-05,10030.2392578125,492.8034973144531
2029-02-06,10050.23046875,482.8746032714844
2029-02-07,10049.22265625,492.30029296875
2029-02-08,9968.9013671875,492.9631042480469
2029-02-09,9927.1630859375,490.4039306640625
2029-02-10,9769.5654296875,460.32965087890625
2029-02-11,9654.623046875,444.1567687988281
2029-02-12,10030.2392578125,493.9903564453125
2029-02-13,10050.23046875,495.8384704589844
2029-02-14,10049.22265625,494.9013671875
2029-02-15,9968.9013671875,494.9013671875
2029-02-16,9927.1630859375,492.3421936035156
2029-02-17,9769.5654296875,461.95843505859375
2029-02-18,9654.623046875,445.7855529785156
2029-02-19,10030.2392578125,496.0311279296875
2029-02-20,10050.23046875,495.6315002441406
2029-02-21,10049.22265625,495.3450927734375
2029-02-22,9968.9013671875,495.3450927734375
2029-02-23,9931.4365234375,492.6834106445313
2029-02-24,9773.8388671875,462.609130859375
2029-02-25,9666.982421875,446.4362487792969
2029-02-26,10030.2392578125,496.0311279296875
2029-02-27,10054.13671875,496.2821960449219
2029-02-28,10049.22265625,495.3450927734375
2029-03-01,9968.9013671875,495.3450927734375
2029-03-02,9931.4365234375,492.6834106445313
2029-03-03,9773.8388671875,462.609130859375
2029-03-04,9666.982421875,446.4362487792969
2029-03-05,10030.2392578125,496.0311279296875
2029-03-06,10054.13671875,496.2821960449219
2029-03-07,10056.4326171875,495.3450927734375
2029-03-08,9976.111328125,495.3450927734375
2029-03-09,9931.4365234375,488.6523742675781
2029-03-10,9773.8388671875,458.5780944824219
2029-03-11,9666.982421875,442.40521240234375
2029-03-12,10030.2392578125,492.3614196777344
2029-03-13,10054.13671875,492.2511596679687
2029-03-14,10056.4326171875,491.3140563964844
2029-03-15,9976.111328125,491.3140563964844
2029-03-16,9931.4365234375,488.6523742675781
2029-03-17,9773.8388671875,458.5780944824219
2029-03-18,9666.982421875,442.40521240234375
2029-03-19,10022.2548828125,492.3614196777344
2029-03-20,10046.15234375,492.2511596679687
2029-03-21,10074.529296875,491.3140563964844
2029-03-22,9998.4306640625,491.3140563964844
2029-03-23,9960.9658203125,488.6523742675781
2029-03-24,9796.158203125,458.5780944824219
2029-03-25,9712.611328125,442.40521240234375
2029-03-26,10035.556640625,492.3614196777344
2029-03-27,10055.5478515625,492.2511596679687
2029-03-28,10074.529296875,491.3140563964844
2029-03-29,10005.4853515625,491.3140563964844
2029-03-30,9968.0205078125,488.6523742675781
2029-03-31,9810.4228515625,458.5780944824219
2029-04-01,9736.708984375,442.7752685546875
2029-04-02,10037.8359375,492.7314758300781
2029-04-03,10069.44921875,492.6212158203125
2029-04-04,10098.7548828125,491.6841125488281
2029-04-05,10049.0244140625,489.14447021484375
2029-04-06,10031.4443359375,486.1065979003906
2029-04-07,9846.0439453125,455.9351501464844
2029-04-08,9771.5986328125,439.76226806640625
2029-04-09,10060.7958984375,490.19183349609375
2029-04-10,10139.3740234375,490.0815734863281
2029-04-11,10137.03125,489.14447021484375
2029-04-12,10060.9326171875,489.14447021484375
2029-04-13,10034.5361328125,485.8663940429687
2029-04-14,9847.5595703125,455.6949462890625
2029-04-15,9773.1142578125,439.5220642089844
2029-04-16,10075.0703125,490.19183349609375
2029-04-17,10140.8896484375,490.0815734863281
2029-04-18,10138.546875,489.14447021484375
2029-04-19,10062.4482421875,489.14447021484375
2029-04-20,10027.5439453125,485.8663940429687
2029-04-21,9847.5595703125,455.6949462890625
2029-04-22,9773.1142578125,439.5220642089844
2029-04-23,10075.0703125,490.19183349609375
2029-04-24,10140.8896484375,490.0815734863281
2029-04-25,10138.546875,489.8075866699219
2029-04-26,10062.4482421875,489.8075866699219
2029-04-27,10027.5439453125,486.5295104980469
2029-04-28,9847.5595703125,456.3580627441406
2029-04-29,9773.1142578125,440.1851806640625
2029-04-30,10075.0703125,490.8549499511719
2029-05-01,10140.8896484375,490.74468994140625
2029-05-02,10138.546875,489.8075866699219
2029-05-03,10062.4482421875,489.8075866699219
2029-05-04,10027.5439453125,487.1251831054687
2029-05-05,9847.5595703125,456.9537353515625
2029-05-06,9773.1142578125,440.7808532714844
2029-05-07,10093.2822265625,491.45062255859375
2029-05-08,10162.4208984375,491.3403625488281
2029-05-09,10140.0048828125,490.40325927734375
2029-05-10,10055.3984375,490.40325927734375
2029-05-11,10029.001953125,487.1251831054687
2029-05-12,9854.287109375,456.9537353515625
2029-05-13,9779.841796875,440.7808532714844
2029-05-14,10100.009765625,491.45062255859375
2029-05-15,10169.1484375,491.3403625488281
2029-05-16,10138.224609375,490.40325927734375
2029-05-17,10062.1259765625,490.40325927734375
2029-05-18,10035.7294921875,487.1251831054687
2029-05-19,9855.7451171875,456.9537353515625
2029-05-20,9779.841796875,440.7808532714844
2029-05-21,10100.009765625,491.45062255859375
2029-05-22,10169.1484375,491.3403625488281
2029-05-23,10138.224609375,490.40325927734375
2029-05-24,10062.1259765625,490.40325927734375
2029-05-25,10035.7294921875,487.1251831054687
2029-05-26,9855.7451171875,456.9537353515625
2029-05-27,9779.841796875,440.7808532714844
2029-05-28,10100.009765625,491.45062255859375
2029-05-29,10169.1484375,491.3403625488281
2029-05-30,10138.224609375,490.40325927734375
2029-05-31,10062.1259765625,490.40325927734375
2029-06-01,10035.7294921875,487.5540466308594
2029-06-02,9855.7451171875,457.3825988769531
2029-06-03,9779.841796875,441.209716796875
2029-06-04,10100.009765625,491.8794860839844
2029-06-05,10169.1484375,491.7692260742187
2029-06-06,10138.224609375,490.8321228027344
2029-06-07,10062.1259765625,490.8321228027344
2029-06-08,10035.7294921875,487.5540466308594
2029-06-09,9855.7451171875,457.3825988769531
2029-06-10,9781.2998046875,441.209716796875
2029-06-11,10100.009765625,497.2192077636719
2029-06-12,10170.6064453125,498.9560241699219
2029-06-13,10138.224609375,498.0189208984375
2029-06-14,10062.1259765625,503.9268798828125
2029-06-15,10035.7294921875,505.8436279296875
2029-06-16,9840.76953125,475.7694091796875
2029-06-17,9781.2998046875,459.5965270996094
2029-06-18,10100.009765625,510.0719604492187
2029-06-19,10169.1484375,510.0719604492187
2029-06-20,10138.224609375,508.1046752929687
2029-06-21,10062.1259765625,508.1046752929687
2029-06-22,10035.7294921875,504.8134460449219
2029-06-23,9840.76953125,474.7392272949219
2029-06-24,9779.841796875,459.7615661621094
2029-06-25,10100.009765625,514.4130859375
2029-06-26,10169.1484375,514.4130859375
2029-06-27,10132.5751953125,513.8235473632812
2029-06-28,10056.4765625,515.3723754882812
2029-06-29,10030.080078125,512.0805053710938
2029-06-30,9831.2763671875,486.0130920410156
2029-07-01,9770.3486328125,469.8402099609375
2029-07-02,10095.03125,519.9683837890625
2029-07-03,10159.6552734375,522.8677978515625
2029-07-04,10128.7314453125,522.2782592773438
2029-07-05,10052.6328125,522.2782592773438
2029-07-06,10026.236328125,519.4352416992188
2029-07-07,9831.2763671875,490.4763488769531
2029-07-08,9770.3486328125,474.303466796875
2029-07-09,10095.03125,524.431884765625
2029-07-10,10159.6552734375,524.431884765625
2029-07-11,10128.7314453125,523.8423461914062
2029-07-12,10052.6328125,523.8423461914062
2029-07-13,10026.236328125,520.55029296875
2029-07-14,9831.2763671875,490.4763488769531
2029-07-15,9765.986328125,474.303466796875
2029-07-16,10090.6689453125,524.431884765625
2029-07-17,10155.29296875,524.431884765625
2029-07-18,10117.0859375,523.8423461914062
2029-07-19,10032.1708984375,523.8423461914062
2029-07-20,9973.1748046875,520.55029296875
2029-07-21,9818.1728515625,490.4763488769531
2029-07-22,9758.703125,474.303466796875
2029-07-23,10083.3857421875,524.431884765625
2029-07-24,10148.009765625,524.431884765625
2029-07-25,10115.6279296875,523.8423461914062
2029-07-26,10030.712890625,523.8423461914062
2029-07-27,9971.716796875,520.55029296875
2029-07-28,9818.1728515625,490.4763488769531
2029-07-29,9758.703125,474.303466796875
2029-07-30,10083.3857421875,524.431884765625
2029-07-31,10148.009765625,524.431884765625
2029-08-01,10106.0234375,523.8423461914062
2029-08-02,10021.1083984375,523.8423461914062
2029-08-03,9965.3291015625,520.55029296875
2029-08-04,9811.78515625,490.4763488769531
2029-08-05,9752.3154296875,474.303466796875
2029-08-06,10069.9384765625,524.431884765625
2029-08-07,10111.345703125,524.431884765625
2029-08-08,10088.8076171875,523.8423461914062
2029-08-09,10012.708984375,523.8423461914062
2029-08-10,9950.6416015625,520.55029296875
2029-08-11,9795.0205078125,490.4763488769531
2029-08-12,9723.130859375,474.303466796875
2029-08-13,10055.4560546875,524.431884765625
2029-08-14,10081.0048828125,524.431884765625
2029-08-15,10045.9833984375,523.8423461914062
2029-08-16,9969.884765625,523.8423461914062
2029-08-17,9936.90234375,536.1702880859375
2029-08-18,9784.892578125,507.0621032714844
2029-08-19,9665.5302734375,490.88922119140625
2029-08-20,10041.4599609375,545.1578979492188
2029-08-21,10081.0048828125,548.3032836914062
2029-08-22,10045.9833984375,547.7137451171875
2029-08-23,9969.884765625,602.9981689453125
2029-08-24,9936.90234375,603.4365844726562
2029-08-25,9784.892578125,569.7881469726562
2029-08-26,9669.1376953125,554.3743286132812
2029-08-27,10039.06640625,608.9966430664062
2029-08-28,10037.1953125,608.9966430664062
2029-08-29,10002.173828125,608.4071044921875
2029-08-30,9926.0751953125,608.4071044921875
2029-08-31,9934.5087890625,601.4707641601562
2029-09-01,9775.197265625,556.4146118164062
2029-09-02,9648.7919921875,475.550537109375
2029-09-03,10015.7705078125,493.73974609375
2029-09-04,10021.109375,493.73974609375
2029-09-05,9994.595703125,493.1501770019531
2029-09-06,9909.9892578125,493.1501770019531
2029-09-07,9918.4228515625,488.9387512207031
2029-09-08,9767.1865234375,457.3112487792969
2029-09-09,9653.8251953125,415.0982971191406
2029-09-10,10009.4375,463.2056884765625
2029-09-11,10011.47265625,463.2056884765625
2029-09-12,9982.5595703125,462.6161193847656
2029-09-13,9892.1298828125,462.6161193847656
2029-09-14,9909.0712890625,455.2212829589844
2029-09-15,9748.451171875,428.0877685546875
2029-09-16,9635.08984375,411.9148864746094
2029-09-17,10001.2333984375,439.3156433105469
2029-09-18,9999.3623046875,435.6124572753906
2029-09-19,9975.71484375,435.02288818359375
2029-09-20,9863.955078125,435.02288818359375
2029-09-21,9868.7939453125,430.81146240234375
2029-09-22,9705.302734375,403.6779479980469
2029-09-23,9632.0791015625,387.5050659179687
2029-09-24,9998.22265625,435.0173034667969
2029-09-25,9996.3515625,435.0173034667969
2029-09-26,9972.7041015625,434.427734375
2029-09-27,9888.615234375,434.427734375
2029-09-28,9897.048828125,430.21630859375
2029-09-29,9745.4404296875,403.0827941894531
2029-09-30,9630.0458984375,386.909912109375
2029-10-01,9996.189453125,434.1775512695313
2029-10-02,9994.318359375,434.1775512695313
2029-10-03,9970.6708984375,433.5879821777344
2029-10-04,9886.58203125,433.5879821777344
2029-10-05,9900.12109375,428.9895324707031
2029-10-06,9743.4072265625,402.6957702636719
2029-10-07,9630.0458984375,386.52288818359375
2029-10-08,9988.5791015625,433.79052734375
2029-10-09,9994.318359375,435.7060852050781
2029-10-10,9970.6708984375,433.2009582519531
2029-10-11,9886.58203125,433.2009582519531
2029-10-12,9900.12109375,428.9895324707031
2029-10-13,9743.4072265625,403.642333984375
2029-10-14,9630.0458984375,387.4694519042969
2029-10-15,9988.5791015625,437.4715576171875
2029-10-16,9994.318359375,431.6650695800781
2029-10-17,9970.6708984375,429.4679565429687
2029-10-18,9886.58203125,429.7073364257813
2029-10-19,9900.12109375,425.4959106445313
2029-10-20,9743.4072265625,399.2021484375
2029-10-21,9630.0458984375,384.2071228027344
2029-10-22,9988.5791015625,432.8029174804687
2029-10-23,9994.318359375,433.9010620117187
2029-10-24,9970.6708984375,430.7032470703125
2029-10-25,9886.58203125,430.942626953125
2029-10-26,9900.12109375,426.731201171875
2029-10-27,9743.4072265625,400.43743896484375
2029-10-28,9630.0458984375,349.8830871582031
2029-10-29,9988.5791015625,400.8168029785156
2029-10-30,9994.318359375,434.08746337890625
2029-10-31,9970.6708984375,430.7032470703125
2029-11-01,9886.58203125,430.6996154785156
2029-11-02,9900.12109375,426.4881896972656
2029-11-03,9743.4072265625,400.1944274902344
2029-11-04,9630.0458984375,349.64007568359375
2029-11-05,9988.5791015625,400.8951721191406
2029-11-06,9994.318359375,434.27203369140625
2029-11-07,9970.6708984375,430.4602355957031
2029-11-08,9886.58203125,430.6996154785156
2029-11-09,9900.12109375,426.4881896972656
2029-11-10,9743.4072265625,400.1944274902344
2029-11-11,9630.0458984375,349.64007568359375
2029-11-12,9988.5791015625,401.1921081542969
2029-11-13,9994.318359375,434.3976135253906
2029-11-14,9970.6708984375,430.4602355957031
2029-11-15,9886.58203125,430.6996154785156
2029-11-16,9900.12109375,426.4881896972656
2029-11-17,9743.4072265625,400.1944274902344
2029-11-18,9630.0458984375,349.64007568359375
2029-11-19,9988.5791015625,401.3029174804687
2029-11-20,9994.318359375,434.3976135253906
2029-11-21,9970.6708984375,429.920166015625
2029-11-22,9886.58203125,430.1595458984375
2029-11-23,9900.12109375,425.9481201171875
2029-11-24,9743.4072265625,399.65435791015625
2029-11-25,9630.0458984375,349.1000061035156
2029-11-26,9997.916015625,400.7628479003906
2029-11-27,10003.6552734375,436.6280517578125
2029-11-28,9980.0078125,432.7343444824219
2029-11-29,9895.9189453125,430.5281677246094
2029-11-30,9896.1357421875,426.3167419433594
2029-12-01,9739.421875,400.0229797363281
2029-12-02,9626.060546875,349.4686279296875
2029-12-03,9984.59375,401.4751892089844
2029-12-04,9990.3330078125,437.0089111328125
2029-12-05,9966.685546875,433.1152038574219
2029-12-06,9887.7021484375,429.3011779785156
2029-12-07,9896.1357421875,425.0897521972656
2029-12-08,9739.421875,399.1497192382813
2029-12-09,9626.060546875,350.8023986816406
2029-12-10,9984.59375,402.5831909179687
2029-12-11,9990.3330078125,436.8899536132813
2029-12-12,9966.685546875,432.9962463378906
2029-12-13,9878.2353515625,430.6857299804687
2029-12-14,9874.56640625,426.4743041992187
2029-12-15,9711.0751953125,400.1805419921875
2029-12-16,9615.984375,350.4174499511719
2029-12-17,9974.517578125,400.7654724121094
2029-12-18,9977.3828125,437.09613037109375
2029-12-19,9928.9736328125,433.2024230957031
2029-12-20,9844.884765625,430.6857299804687
2029-12-21,9836.1103515625,426.4743041992187
2029-12-22,9699.1806640625,400.1805419921875
2029-12-23,9601.474609375,348.4587707519531
2029-12-24,9944.8515625,376.3941955566406
2029-12-25,9947.716796875,417.98822021484375
2029-12-26,9928.9736328125,413.6712951660156
2029-12-27,9842.0107421875,414.2630004882813
2029-12-28,9833.236328125,410.0515747070313
2029-12-29,9699.4169921875,389.0723876953125
2029-12-30,9601.474609375,339.1013488769531
2029-12-31,9944.8515625,366.8544616699219
